20,16,(12, 9),['West', 'Stop', 'East', 'North', 'South'],South,4,[False, True, True, True, True],[(5, 6), (5, 12), (13, 6), (13, 12)],['Stop', 'Stop', 'Stop', 'Stop'],[10, 10, 4, 4],1,6,-1
20,16,(13, 9),['West', 'Stop', 'East', 'North', 'South'],East,4,[False, True, True, True, True],[(5, 5), (4, 12), (12, 6), (13, 11)],['South', 'West', 'West', 'South'],[12, 12, 4, 2],1,5,-2
20,16,(13, 8),['West', 'Stop', 'East', 'North', 'South'],South,4,[False, True, True, True, True],[(5, 5), (4, 13), (12, 5), (13, 12)],['South', 'North', 'South', 'North'],[11, 14, 4, 4],1,6,-3
20,16,(12, 9),['West', 'Stop', 'East', 'North', 'South'],South,4,[False, True, True, True, True],[(5, 6), (5, 12), (13, 6), (13, 12)],['Stop', 'Stop', 'Stop', 'Stop'],[10, 10, 4, 4],1,6,-1
20,16,(11, 9),['West', 'Stop', 'East', 'North', 'South'],West,4,[False, True, True, True, True],[(5, 6), (5, 12), (13, 6), (13, 12)],['Stop', 'Stop', 'Stop', 'Stop'],[9, 9, 5, 5],1,7,-2
20,16,(12, 9),['West', 'Stop', 'East', 'North', 'South'],East,4,[False, True, True, True, True],[(5, 6), (5, 12), (13, 6), (13, 12)],['Stop', 'Stop', 'Stop', 'Stop'],[10, 10, 4, 4],1,6,-3
20,16,(11, 9),['West', 'Stop', 'East', 'North', 'South'],West,4,[False, True, True, True, True],[(5, 6), (5, 12), (13, 6), (13, 12)],['Stop', 'Stop', 'Stop', 'Stop'],[9, 9, 5, 5],1,7,-4
20,16,(11, 8),['West', 'Stop', 'East', 'North', 'South'],South,4,[False, True, True, True, True],[(5, 6), (5, 12), (13, 6), (13, 12)],['Stop', 'Stop', 'Stop', 'Stop'],[8, 10, 4, 6],1,8,-5
20,16,(11, 9),['West', 'Stop', 'East', 'North', 'South'],North,4,[False, True, True, True, True],[(5, 6), (5, 12), (13, 6), (13, 12)],['Stop', 'Stop', 'Stop', 'Stop'],[9, 9, 5, 5],1,7,-6
20,16,(12, 9),['West', 'Stop', 'East', 'North', 'South'],East,4,[False, True, True, True, True],[(5, 6), (5, 12), (13, 6), (13, 12)],['Stop', 'Stop', 'Stop', 'Stop'],[10, 10, 4, 4],1,6,-7
20,16,(11, 9),['West', 'Stop', 'East', 'North', 'South'],West,4,[False, True, True, True, True],[(5, 6), (5, 12), (13, 6), (13, 12)],['Stop', 'Stop', 'Stop', 'Stop'],[9, 9, 5, 5],1,7,-8
20,16,(10, 9),['West', 'Stop', 'East', 'North', 'South'],West,4,[False, True, True, True, True],[(5, 6), (5, 12), (13, 6), (13, 12)],['Stop', 'Stop', 'Stop', 'Stop'],[8, 8, 6, 6],1,8,-9
20,16,(9, 9),['West', 'Stop', 'East', 'North', 'South'],West,4,[False, True, True, True, True],[(5, 6), (5, 12), (13, 6), (13, 12)],['Stop', 'Stop', 'Stop', 'Stop'],[7, 7, 7, 7],1,9,-10
20,16,(9, 10),['West', 'Stop', 'East', 'North', 'South'],North,4,[False, True, True, True, True],[(5, 6), (5, 12), (13, 6), (13, 12)],['Stop', 'Stop', 'Stop', 'Stop'],[8, 6, 8, 6],1,10,-11
20,16,(10, 10),['West', 'Stop', 'East', 'North', 'South'],East,4,[False, True, True, True, True],[(5, 6), (5, 12), (13, 6), (13, 12)],['Stop', 'Stop', 'Stop', 'Stop'],[9, 7, 7, 5],1,9,-12
20,16,(10, 11),['West', 'Stop', 'East', 'North', 'South'],North,4,[False, True, True, True, True],[(5, 6), (5, 12), (13, 6), (13, 12)],['Stop', 'Stop', 'Stop', 'Stop'],[10, 6, 8, 4],1,10,-13
20,16,(11, 11),['West', 'Stop', 'East', 'North', 'South'],East,4,[False, True, True, True, True],[(5, 6), (5, 12), (13, 6), (13, 12)],['Stop', 'Stop', 'Stop', 'Stop'],[11, 7, 7, 3],1,9,-14
20,16,(11, 10),['West', 'Stop', 'East', 'North', 'South'],South,4,[False, True, True, True, True],[(5, 6), (5, 12), (13, 6), (13, 12)],['Stop', 'Stop', 'Stop', 'Stop'],[10, 8, 6, 4],1,8,-15
20,16,(10, 10),['West', 'Stop', 'East', 'North', 'South'],West,4,[False, True, True, True, True],[(5, 6), (5, 12), (13, 6), (13, 12)],['Stop', 'Stop', 'Stop', 'Stop'],[9, 7, 7, 5],1,9,-16
20,16,(11, 10),['West', 'Stop', 'East', 'North', 'South'],East,4,[False, True, True, True, True],[(5, 6), (5, 12), (13, 6), (13, 12)],['Stop', 'Stop', 'Stop', 'Stop'],[10, 8, 6, 4],1,8,-17
20,16,(11, 11),['West', 'Stop', 'East', 'North', 'South'],North,4,[False, True, True, True, True],[(5, 6), (5, 12), (13, 6), (13, 12)],['Stop', 'Stop', 'Stop', 'Stop'],[11, 7, 7, 3],1,9,-18
20,16,(11, 12),['West', 'Stop', 'East', 'North', 'South'],North,4,[False, True, True, True, True],[(5, 6), (5, 12), (13, 6), (13, 12)],['Stop', 'Stop', 'Stop', 'Stop'],[12, 6, 8, 2],1,10,-19
20,16,(12, 12),['West', 'Stop', 'East', 'North', 'South'],East,4,[False, True, True, True, True],[(5, 6), (5, 12), (13, 6), (13, 12)],['Stop', 'Stop', 'Stop', 'Stop'],[13, 7, 7, 1],1,9,-20
20,16,(13, 12),['West', 'Stop', 'East', 'North', 'South'],East,4,[False, True, True, True, False],[(5, 6), (5, 12), (13, 6), (13, 12)],['Stop', 'Stop', 'Stop', 'Stop'],[14, 8, 6, None],1,8,179
20,16,(12, 12),['West', 'Stop', 'East', 'North', 'South'],West,4,[False, True, True, True, False],[(5, 6), (5, 12), (13, 6), (7, 1)],['Stop', 'Stop', 'Stop', 'Stop'],[13, 7, 7, None],1,9,178
20,16,(12, 13),['West', 'Stop', 'East', 'North', 'South'],North,4,[False, True, True, True, False],[(5, 6), (5, 12), (13, 6), (7, 1)],['Stop', 'Stop', 'Stop', 'Stop'],[14, 8, 8, None],1,10,177
20,16,(13, 13),['West', 'Stop', 'East', 'North', 'South'],East,4,[False, True, True, True, False],[(5, 6), (5, 12), (13, 6), (7, 1)],['Stop', 'Stop', 'Stop', 'Stop'],[15, 9, 7, None],1,9,176
20,16,(13, 12),['West', 'Stop', 'East', 'North', 'South'],South,4,[False, True, True, True, False],[(5, 6), (5, 12), (13, 6), (7, 1)],['Stop', 'Stop', 'Stop', 'Stop'],[14, 8, 6, None],1,8,175
20,16,(13, 13),['West', 'Stop', 'East', 'North', 'South'],North,4,[False, True, True, True, False],[(5, 6), (5, 12), (13, 6), (7, 1)],['Stop', 'Stop', 'Stop', 'Stop'],[15, 9, 7, None],1,9,174
20,16,(12, 13),['West', 'Stop', 'East', 'North', 'South'],West,4,[False, True, True, True, False],[(5, 6), (5, 12), (13, 6), (7, 1)],['Stop', 'Stop', 'Stop', 'Stop'],[14, 8, 8, None],1,10,173
20,16,(11, 13),['West', 'Stop', 'East', 'North', 'South'],West,4,[False, True, True, True, False],[(5, 6), (5, 12), (13, 6), (7, 1)],['Stop', 'Stop', 'Stop', 'Stop'],[13, 7, 9, None],1,11,172
20,16,(11, 12),['West', 'Stop', 'East', 'North', 'South'],South,4,[False, True, True, True, False],[(5, 6), (5, 12), (13, 6), (7, 1)],['Stop', 'Stop', 'Stop', 'Stop'],[12, 6, 8, None],1,10,171
20,16,(12, 12),['West', 'Stop', 'East', 'North', 'South'],East,4,[False, True, True, True, False],[(5, 6), (5, 12), (13, 6), (7, 1)],['Stop', 'Stop', 'Stop', 'Stop'],[13, 7, 7, None],1,9,170
20,16,(13, 12),['West', 'Stop', 'East', 'North', 'South'],East,4,[False, True, True, True, False],[(5, 6), (5, 12), (13, 6), (7, 1)],['Stop', 'Stop', 'Stop', 'Stop'],[14, 8, 6, None],1,8,169
20,16,(13, 13),['West', 'Stop', 'East', 'North', 'South'],North,4,[False, True, True, True, False],[(5, 6), (5, 12), (13, 6), (7, 1)],['Stop', 'Stop', 'Stop', 'Stop'],[15, 9, 7, None],1,9,168
20,16,(14, 13),['West', 'Stop', 'East', 'North', 'South'],East,4,[False, True, True, True, False],[(5, 6), (5, 12), (13, 6), (7, 1)],['Stop', 'Stop', 'Stop', 'Stop'],[16, 10, 8, None],1,8,167
20,16,(15, 13),['West', 'Stop', 'East', 'North', 'South'],East,4,[False, True, True, True, False],[(5, 6), (5, 12), (13, 6), (7, 1)],['Stop', 'Stop', 'Stop', 'Stop'],[17, 11, 9, None],1,7,166
20,16,(14, 13),['West', 'Stop', 'East', 'North', 'South'],West,4,[False, True, True, True, False],[(5, 6), (5, 12), (13, 6), (7, 1)],['Stop', 'Stop', 'Stop', 'Stop'],[16, 10, 8, None],1,8,165
20,16,(13, 13),['West', 'Stop', 'East', 'North', 'South'],West,4,[False, True, True, True, False],[(5, 6), (5, 12), (13, 6), (7, 1)],['Stop', 'Stop', 'Stop', 'Stop'],[15, 9, 7, None],1,9,164
20,16,(13, 12),['West', 'Stop', 'East', 'North', 'South'],South,4,[False, True, True, True, False],[(5, 6), (5, 12), (13, 6), (7, 1)],['Stop', 'Stop', 'Stop', 'Stop'],[14, 8, 6, None],1,8,163
20,16,(13, 13),['West', 'Stop', 'East', 'North', 'South'],North,4,[False, True, True, True, False],[(5, 6), (5, 12), (13, 6), (7, 1)],['Stop', 'Stop', 'Stop', 'Stop'],[15, 9, 7, None],1,9,162
20,16,(12, 13),['West', 'Stop', 'East', 'North', 'South'],West,4,[False, True, True, True, False],[(5, 6), (5, 12), (13, 6), (7, 1)],['Stop', 'Stop', 'Stop', 'Stop'],[14, 8, 8, None],1,10,161
20,16,(13, 13),['West', 'Stop', 'East', 'North', 'South'],East,4,[False, True, True, True, False],[(5, 6), (5, 12), (13, 6), (7, 1)],['Stop', 'Stop', 'Stop', 'Stop'],[15, 9, 7, None],1,9,160
20,16,(13, 12),['West', 'Stop', 'East', 'North', 'South'],South,4,[False, True, True, True, False],[(5, 6), (5, 12), (13, 6), (7, 1)],['Stop', 'Stop', 'Stop', 'Stop'],[14, 8, 6, None],1,8,159
20,16,(13, 11),['West', 'Stop', 'East', 'North', 'South'],South,4,[False, True, True, True, False],[(5, 6), (5, 12), (13, 6), (7, 1)],['Stop', 'Stop', 'Stop', 'Stop'],[13, 9, 5, None],1,7,158
20,16,(13, 10),['West', 'Stop', 'East', 'North', 'South'],South,4,[False, True, True, True, False],[(5, 6), (5, 12), (13, 6), (7, 1)],['Stop', 'Stop', 'Stop', 'Stop'],[12, 10, 4, None],1,6,157
20,16,(12, 10),['West', 'Stop', 'East', 'North', 'South'],West,4,[False, True, True, True, False],[(5, 6), (5, 12), (13, 6), (7, 1)],['Stop', 'Stop', 'Stop', 'Stop'],[11, 9, 5, None],1,7,156
20,16,(13, 10),['West', 'Stop', 'East', 'North', 'South'],East,4,[False, True, True, True, False],[(5, 6), (5, 12), (13, 6), (7, 1)],['Stop', 'Stop', 'Stop', 'Stop'],[12, 10, 4, None],1,6,155
20,16,(13, 9),['West', 'Stop', 'East', 'North', 'South'],South,4,[False, True, True, True, False],[(5, 6), (5, 12), (13, 6), (7, 1)],['Stop', 'Stop', 'Stop', 'Stop'],[11, 11, 3, None],1,5,154
20,16,(12, 9),['West', 'Stop', 'East', 'North', 'South'],West,4,[False, True, True, True, False],[(5, 6), (5, 12), (13, 6), (7, 1)],['Stop', 'Stop', 'Stop', 'Stop'],[10, 10, 4, None],1,6,153
20,16,(12, 8),['West', 'Stop', 'East', 'North', 'South'],South,4,[False, True, True, True, False],[(5, 6), (5, 12), (13, 6), (7, 1)],['Stop', 'Stop', 'Stop', 'Stop'],[9, 11, 3, None],1,7,152
20,16,(12, 7),['West', 'Stop', 'East', 'North', 'South'],South,4,[False, True, True, True, False],[(5, 6), (5, 12), (13, 6), (7, 1)],['Stop', 'Stop', 'Stop', 'Stop'],[8, 12, 2, None],1,8,151
20,16,(11, 7),['West', 'Stop', 'East', 'North', 'South'],West,4,[False, True, True, True, False],[(5, 6), (5, 12), (13, 6), (7, 1)],['Stop', 'Stop', 'Stop', 'Stop'],[7, 11, 3, None],1,9,150
20,16,(11, 6),['West', 'Stop', 'East', 'North', 'South'],South,4,[False, True, True, True, False],[(5, 6), (5, 12), (13, 6), (7, 1)],['Stop', 'Stop', 'Stop', 'Stop'],[6, 12, 2, None],1,10,149
20,16,(11, 5),['West', 'Stop', 'East', 'North', 'South'],South,4,[False, True, True, True, False],[(5, 6), (5, 12), (13, 6), (7, 1)],['Stop', 'Stop', 'Stop', 'Stop'],[7, 13, 3, None],1,11,148
20,16,(11, 6),['West', 'Stop', 'East', 'North', 'South'],North,4,[False, True, True, True, False],[(5, 6), (5, 12), (13, 6), (7, 1)],['Stop', 'Stop', 'Stop', 'Stop'],[6, 12, 2, None],1,10,147
20,16,(11, 5),['West', 'Stop', 'East', 'North', 'South'],South,4,[False, True, True, True, False],[(5, 6), (5, 12), (13, 6), (7, 1)],['Stop', 'Stop', 'Stop', 'Stop'],[7, 13, 3, None],1,11,146
20,16,(10, 5),['West', 'Stop', 'East', 'North', 'South'],West,4,[False, True, True, True, False],[(5, 6), (5, 12), (13, 6), (7, 1)],['Stop', 'Stop', 'Stop', 'Stop'],[6, 12, 4, None],1,12,145
20,16,(10, 4),['West', 'Stop', 'East', 'North', 'South'],South,4,[False, True, True, True, False],[(5, 6), (5, 12), (13, 6), (7, 1)],['Stop', 'Stop', 'Stop', 'Stop'],[7, 13, 5, None],1,13,144
20,16,(10, 5),['West', 'Stop', 'East', 'North', 'South'],North,4,[False, True, True, True, False],[(5, 6), (5, 12), (13, 6), (7, 1)],['Stop', 'Stop', 'Stop', 'Stop'],[6, 12, 4, None],1,12,143
20,16,(10, 4),['West', 'Stop', 'East', 'North', 'South'],South,4,[False, True, True, True, False],[(5, 6), (5, 12), (13, 6), (7, 1)],['Stop', 'Stop', 'Stop', 'Stop'],[7, 13, 5, None],1,13,142
20,16,(11, 4),['West', 'Stop', 'East', 'North', 'South'],East,4,[False, True, True, True, False],[(5, 6), (5, 12), (13, 6), (7, 1)],['Stop', 'Stop', 'Stop', 'Stop'],[8, 14, 4, None],1,12,141
20,16,(11, 5),['West', 'Stop', 'East', 'North', 'South'],North,4,[False, True, True, True, False],[(5, 6), (5, 12), (13, 6), (7, 1)],['Stop', 'Stop', 'Stop', 'Stop'],[7, 13, 3, None],1,11,140
20,16,(10, 5),['West', 'Stop', 'East', 'North', 'South'],West,4,[False, True, True, True, False],[(5, 6), (5, 12), (13, 6), (7, 1)],['Stop', 'Stop', 'Stop', 'Stop'],[6, 12, 4, None],1,12,139
20,16,(10, 6),['West', 'Stop', 'East', 'North', 'South'],North,4,[False, True, True, True, False],[(5, 6), (5, 12), (13, 6), (7, 1)],['Stop', 'Stop', 'Stop', 'Stop'],[5, 11, 3, None],1,11,138
20,16,(11, 6),['West', 'Stop', 'East', 'North', 'South'],East,4,[False, True, True, True, False],[(5, 6), (5, 12), (13, 6), (7, 1)],['Stop', 'Stop', 'Stop', 'Stop'],[6, 12, 2, None],1,10,137
20,16,(11, 7),['West', 'Stop', 'East', 'North', 'South'],North,4,[False, True, True, True, False],[(5, 6), (5, 12), (13, 6), (7, 1)],['Stop', 'Stop', 'Stop', 'Stop'],[7, 11, 3, None],1,9,136
20,16,(10, 7),['West', 'Stop', 'East', 'North', 'South'],West,4,[False, True, True, True, False],[(5, 6), (5, 12), (13, 6), (7, 1)],['Stop', 'Stop', 'Stop', 'Stop'],[6, 10, 4, None],1,10,135
20,16,(10, 8),['West', 'Stop', 'East', 'North', 'South'],North,4,[False, True, True, True, False],[(5, 6), (5, 12), (13, 6), (7, 1)],['Stop', 'Stop', 'Stop', 'Stop'],[7, 9, 5, None],1,9,134
20,16,(10, 7),['West', 'Stop', 'East', 'North', 'South'],South,4,[False, True, True, True, False],[(5, 6), (5, 12), (13, 6), (7, 1)],['Stop', 'Stop', 'Stop', 'Stop'],[6, 10, 4, None],1,10,133
20,16,(11, 7),['West', 'Stop', 'East', 'North', 'South'],East,4,[False, True, True, True, False],[(5, 6), (5, 12), (13, 6), (7, 1)],['Stop', 'Stop', 'Stop', 'Stop'],[7, 11, 3, None],1,9,132
20,16,(11, 8),['West', 'Stop', 'East', 'North', 'South'],North,4,[False, True, True, True, False],[(5, 6), (5, 12), (13, 6), (7, 1)],['Stop', 'Stop', 'Stop', 'Stop'],[8, 10, 4, None],1,8,131
20,16,(10, 8),['West', 'Stop', 'East', 'North', 'South'],West,4,[False, True, True, True, False],[(5, 6), (5, 12), (13, 6), (7, 1)],['Stop', 'Stop', 'Stop', 'Stop'],[7, 9, 5, None],1,9,130
20,16,(10, 7),['West', 'Stop', 'East', 'North', 'South'],South,4,[False, True, True, True, False],[(5, 6), (5, 12), (13, 6), (7, 1)],['Stop', 'Stop', 'Stop', 'Stop'],[6, 10, 4, None],1,10,129
20,16,(9, 7),['West', 'Stop', 'East', 'North', 'South'],West,4,[False, True, True, True, False],[(5, 6), (5, 12), (13, 6), (7, 1)],['Stop', 'Stop', 'Stop', 'Stop'],[5, 9, 5, None],1,11,128
20,16,(9, 8),['West', 'Stop', 'East', 'North', 'South'],North,4,[False, True, True, True, False],[(5, 6), (5, 12), (13, 6), (7, 1)],['Stop', 'Stop', 'Stop', 'Stop'],[6, 8, 6, None],1,10,127
20,16,(8, 8),['West', 'Stop', 'East', 'North', 'South'],West,4,[False, True, True, True, False],[(5, 6), (5, 12), (13, 6), (7, 1)],['Stop', 'Stop', 'Stop', 'Stop'],[5, 7, 7, None],1,11,126
20,16,(9, 8),['West', 'Stop', 'East', 'North', 'South'],East,4,[False, True, True, True, False],[(5, 6), (5, 12), (13, 6), (7, 1)],['Stop', 'Stop', 'Stop', 'Stop'],[6, 8, 6, None],1,10,125
20,16,(10, 8),['West', 'Stop', 'East', 'North', 'South'],East,4,[False, True, True, True, False],[(5, 6), (5, 12), (13, 6), (7, 1)],['Stop', 'Stop', 'Stop', 'Stop'],[7, 9, 5, None],1,9,124
20,16,(10, 9),['West', 'Stop', 'East', 'North', 'South'],North,4,[False, True, True, True, False],[(5, 6), (5, 12), (13, 6), (7, 1)],['Stop', 'Stop', 'Stop', 'Stop'],[8, 8, 6, None],1,8,123
20,16,(10, 10),['West', 'Stop', 'East', 'North', 'South'],North,4,[False, True, True, True, False],[(5, 6), (5, 12), (13, 6), (7, 1)],['Stop', 'Stop', 'Stop', 'Stop'],[9, 7, 7, None],1,9,122
20,16,(10, 9),['West', 'Stop', 'East', 'North', 'South'],South,4,[False, True, True, True, False],[(5, 6), (5, 12), (13, 6), (7, 1)],['Stop', 'Stop', 'Stop', 'Stop'],[8, 8, 6, None],1,8,121
20,16,(11, 9),['West', 'Stop', 'East', 'North', 'South'],East,4,[False, True, True, True, False],[(5, 6), (5, 12), (13, 6), (7, 1)],['Stop', 'Stop', 'Stop', 'Stop'],[9, 9, 5, None],1,7,120
20,16,(10, 9),['West', 'Stop', 'East', 'North', 'South'],West,4,[False, True, True, True, False],[(5, 6), (5, 12), (13, 6), (7, 1)],['Stop', 'Stop', 'Stop', 'Stop'],[8, 8, 6, None],1,8,119
20,16,(9, 9),['West', 'Stop', 'East', 'North', 'South'],West,4,[False, True, True, True, False],[(5, 6), (5, 12), (13, 6), (7, 1)],['Stop', 'Stop', 'Stop', 'Stop'],[7, 7, 7, None],1,9,118
20,16,(9, 8),['West', 'Stop', 'East', 'North', 'South'],South,4,[False, True, True, True, False],[(5, 6), (5, 12), (13, 6), (7, 1)],['Stop', 'Stop', 'Stop', 'Stop'],[6, 8, 6, None],1,10,117
20,16,(9, 9),['West', 'Stop', 'East', 'North', 'South'],North,4,[False, True, True, True, False],[(5, 6), (5, 12), (13, 6), (7, 1)],['Stop', 'Stop', 'Stop', 'Stop'],[7, 7, 7, None],1,9,116
20,16,(9, 8),['West', 'Stop', 'East', 'North', 'South'],South,4,[False, True, True, True, False],[(5, 6), (5, 12), (13, 6), (7, 1)],['Stop', 'Stop', 'Stop', 'Stop'],[6, 8, 6, None],1,10,115
20,16,(10, 8),['West', 'Stop', 'East', 'North', 'South'],East,4,[False, True, True, True, False],[(5, 6), (5, 12), (13, 6), (7, 1)],['Stop', 'Stop', 'Stop', 'Stop'],[7, 9, 5, None],1,9,114
20,16,(11, 8),['West', 'Stop', 'East', 'North', 'South'],East,4,[False, True, True, True, False],[(5, 6), (5, 12), (13, 6), (7, 1)],['Stop', 'Stop', 'Stop', 'Stop'],[8, 10, 4, None],1,8,113
20,16,(11, 9),['West', 'Stop', 'East', 'North', 'South'],North,4,[False, True, True, True, False],[(5, 6), (5, 12), (13, 6), (7, 1)],['Stop', 'Stop', 'Stop', 'Stop'],[9, 9, 5, None],1,7,112
20,16,(12, 9),['West', 'Stop', 'East', 'North', 'South'],East,4,[False, True, True, True, False],[(5, 6), (5, 12), (13, 6), (7, 1)],['Stop', 'Stop', 'Stop', 'Stop'],[10, 10, 4, None],1,6,111
20,16,(11, 9),['West', 'Stop', 'East', 'North', 'South'],West,4,[False, True, True, True, False],[(5, 6), (5, 12), (13, 6), (7, 1)],['Stop', 'Stop', 'Stop', 'Stop'],[9, 9, 5, None],1,7,110
20,16,(12, 9),['West', 'Stop', 'East', 'North', 'South'],East,4,[False, True, True, True, False],[(5, 6), (5, 12), (13, 6), (7, 1)],['Stop', 'Stop', 'Stop', 'Stop'],[10, 10, 4, None],1,6,109
20,16,(13, 9),['West', 'Stop', 'East', 'North', 'South'],East,4,[False, True, True, True, False],[(5, 6), (5, 12), (13, 6), (7, 1)],['Stop', 'Stop', 'Stop', 'Stop'],[11, 11, 3, None],1,5,108
20,16,(12, 9),['West', 'Stop', 'East', 'North', 'South'],West,4,[False, True, True, True, False],[(5, 6), (5, 12), (13, 6), (7, 1)],['Stop', 'Stop', 'Stop', 'Stop'],[10, 10, 4, None],1,6,107
20,16,(13, 9),['West', 'Stop', 'East', 'North', 'South'],East,4,[False, True, True, True, False],[(5, 6), (5, 12), (13, 6), (7, 1)],['Stop', 'Stop', 'Stop', 'Stop'],[11, 11, 3, None],1,5,106
20,16,(13, 8),['West', 'Stop', 'East', 'North', 'South'],South,4,[False, True, True, True, False],[(5, 6), (5, 12), (13, 6), (7, 1)],['Stop', 'Stop', 'Stop', 'Stop'],[10, 12, 2, None],1,6,105
20,16,(13, 9),['West', 'Stop', 'East', 'North', 'South'],North,4,[False, True, True, True, False],[(5, 6), (5, 12), (13, 6), (7, 1)],['Stop', 'Stop', 'Stop', 'Stop'],[11, 11, 3, None],1,5,104
20,16,(13, 10),['West', 'Stop', 'East', 'North', 'South'],North,4,[False, True, True, True, False],[(5, 6), (5, 12), (13, 6), (7, 1)],['Stop', 'Stop', 'Stop', 'Stop'],[12, 10, 4, None],1,6,103
20,16,(12, 10),['West', 'Stop', 'East', 'North', 'South'],West,4,[False, True, True, True, False],[(5, 6), (5, 12), (13, 6), (7, 1)],['Stop', 'Stop', 'Stop', 'Stop'],[11, 9, 5, None],1,7,102
20,16,(11, 10),['West', 'Stop', 'East', 'North', 'South'],West,4,[False, True, True, True, False],[(5, 6), (5, 12), (13, 6), (7, 1)],['Stop', 'Stop', 'Stop', 'Stop'],[10, 8, 6, None],1,8,101
20,16,(11, 9),['West', 'Stop', 'East', 'North', 'South'],South,4,[False, True, True, True, False],[(5, 6), (5, 12), (13, 6), (7, 1)],['Stop', 'Stop', 'Stop', 'Stop'],[9, 9, 5, None],1,7,100
20,16,(11, 10),['West', 'Stop', 'East', 'North', 'South'],North,4,[False, True, True, True, False],[(5, 6), (5, 12), (13, 6), (7, 1)],['Stop', 'Stop', 'Stop', 'Stop'],[10, 8, 6, None],1,8,99
20,16,(11, 11),['West', 'Stop', 'East', 'North', 'South'],North,4,[False, True, True, True, False],[(5, 6), (5, 12), (13, 6), (7, 1)],['Stop', 'Stop', 'Stop', 'Stop'],[11, 7, 7, None],1,9,98
20,16,(12, 11),['West', 'Stop', 'East', 'North', 'South'],East,4,[False, True, True, True, False],[(5, 6), (5, 12), (13, 6), (7, 1)],['Stop', 'Stop', 'Stop', 'Stop'],[12, 8, 6, None],1,8,97
20,16,(13, 11),['West', 'Stop', 'East', 'North', 'South'],East,4,[False, True, True, True, False],[(5, 6), (5, 12), (13, 6), (7, 1)],['Stop', 'Stop', 'Stop', 'Stop'],[13, 9, 5, None],1,7,96
20,16,(14, 11),['West', 'Stop', 'East', 'North', 'South'],East,4,[False, True, True, True, False],[(5, 6), (5, 12), (13, 6), (7, 1)],['Stop', 'Stop', 'Stop', 'Stop'],[14, 10, 6, None],1,6,95
20,16,(14, 12),['West', 'Stop', 'East', 'North', 'South'],North,4,[False, True, True, True, False],[(5, 6), (5, 12), (13, 6), (7, 1)],['Stop', 'Stop', 'Stop', 'Stop'],[15, 9, 7, None],1,7,94
20,16,(13, 12),['West', 'Stop', 'East', 'North', 'South'],West,4,[False, True, True, True, False],[(5, 6), (5, 12), (13, 6), (7, 1)],['Stop', 'Stop', 'Stop', 'Stop'],[14, 8, 6, None],1,8,93
20,16,(14, 12),['West', 'Stop', 'East', 'North', 'South'],East,4,[False, True, True, True, False],[(5, 6), (5, 12), (13, 6), (7, 1)],['Stop', 'Stop', 'Stop', 'Stop'],[15, 9, 7, None],1,7,92
20,16,(15, 12),['West', 'Stop', 'East', 'North', 'South'],East,4,[False, True, True, True, False],[(5, 6), (5, 12), (13, 6), (7, 1)],['Stop', 'Stop', 'Stop', 'Stop'],[16, 10, 8, None],1,6,91
20,16,(14, 12),['West', 'Stop', 'East', 'North', 'South'],West,4,[False, True, True, True, False],[(5, 6), (5, 12), (13, 6), (7, 1)],['Stop', 'Stop', 'Stop', 'Stop'],[15, 9, 7, None],1,7,90
20,16,(13, 12),['West', 'Stop', 'East', 'North', 'South'],West,4,[False, True, True, True, False],[(5, 6), (5, 12), (13, 6), (7, 1)],['Stop', 'Stop', 'Stop', 'Stop'],[14, 8, 6, None],1,8,89
20,16,(14, 12),['West', 'Stop', 'East', 'North', 'South'],East,4,[False, True, True, True, False],[(5, 6), (5, 12), (13, 6), (7, 1)],['Stop', 'Stop', 'Stop', 'Stop'],[15, 9, 7, None],1,7,88
20,16,(15, 12),['West', 'Stop', 'East', 'North', 'South'],East,4,[False, True, True, True, False],[(5, 6), (5, 12), (13, 6), (7, 1)],['Stop', 'Stop', 'Stop', 'Stop'],[16, 10, 8, None],1,6,87
20,16,(15, 13),['West', 'Stop', 'East', 'North', 'South'],North,4,[False, True, True, True, False],[(5, 6), (5, 12), (13, 6), (7, 1)],['Stop', 'Stop', 'Stop', 'Stop'],[17, 11, 9, None],1,7,86
20,16,(15, 14),['West', 'Stop', 'East', 'South'],North,4,[False, True, True, True, False],[(5, 6), (5, 12), (13, 6), (7, 1)],['Stop', 'Stop', 'Stop', 'Stop'],[18, 12, 10, None],1,8,85
20,16,(15, 13),['West', 'Stop', 'East', 'North', 'South'],South,4,[False, True, True, True, False],[(5, 6), (5, 12), (13, 6), (7, 1)],['Stop', 'Stop', 'Stop', 'Stop'],[17, 11, 9, None],1,7,84
20,16,(15, 14),['West', 'Stop', 'East', 'South'],North,4,[False, True, True, True, False],[(5, 6), (5, 12), (13, 6), (7, 1)],['Stop', 'Stop', 'Stop', 'Stop'],[18, 12, 10, None],1,8,83
20,16,(16, 14),['West', 'Stop', 'East', 'South'],East,4,[False, True, True, True, False],[(5, 6), (5, 12), (13, 6), (7, 1)],['Stop', 'Stop', 'Stop', 'Stop'],[19, 13, 11, None],1,7,82
20,16,(16, 14),['West', 'Stop', 'East', 'South'],East,4,[False, True, True, True, False],[(5, 6), (5, 12), (13, 6), (7, 1)],['Stop', 'Stop', 'Stop', 'Stop'],[19, 13, 11, None],1,7,81
20,16,(17, 14),['West', 'Stop', 'East', 'South'],East,4,[False, True, True, True, False],[(5, 6), (5, 12), (13, 6), (7, 1)],['Stop', 'Stop', 'Stop', 'Stop'],[20, 14, 12, None],1,6,80
20,16,(17, 14),['West', 'Stop', 'East', 'South'],East,4,[False, True, True, True, False],[(5, 6), (5, 12), (13, 6), (7, 1)],['Stop', 'Stop', 'Stop', 'Stop'],[20, 14, 12, None],1,6,79
20,16,(17, 13),['West', 'Stop', 'East', 'North', 'South'],South,4,[False, True, True, True, False],[(5, 6), (5, 12), (13, 6), (7, 1)],['Stop', 'Stop', 'Stop', 'Stop'],[19, 13, 11, None],1,5,78
20,16,(16, 13),['West', 'Stop', 'East', 'North', 'South'],West,4,[False, True, True, True, False],[(5, 6), (5, 12), (13, 6), (7, 1)],['Stop', 'Stop', 'Stop', 'Stop'],[18, 12, 10, None],1,6,77
20,16,(15, 13),['West', 'Stop', 'East', 'North', 'South'],West,4,[False, True, True, True, False],[(5, 6), (5, 12), (13, 6), (7, 1)],['Stop', 'Stop', 'Stop', 'Stop'],[17, 11, 9, None],1,7,76
20,16,(15, 12),['West', 'Stop', 'East', 'North', 'South'],South,4,[False, True, True, True, False],[(5, 6), (5, 12), (13, 6), (7, 1)],['Stop', 'Stop', 'Stop', 'Stop'],[16, 10, 8, None],1,6,75
20,16,(14, 12),['West', 'Stop', 'East', 'North', 'South'],West,4,[False, True, True, True, False],[(5, 6), (5, 12), (13, 6), (7, 1)],['Stop', 'Stop', 'Stop', 'Stop'],[15, 9, 7, None],1,7,74
20,16,(13, 12),['West', 'Stop', 'East', 'North', 'South'],West,4,[False, True, True, True, False],[(5, 6), (5, 12), (13, 6), (7, 1)],['Stop', 'Stop', 'Stop', 'Stop'],[14, 8, 6, None],1,8,73
20,16,(12, 12),['West', 'Stop', 'East', 'North', 'South'],West,4,[False, True, True, True, False],[(5, 6), (5, 12), (13, 6), (7, 1)],['Stop', 'Stop', 'Stop', 'Stop'],[13, 7, 7, None],1,9,72
20,16,(13, 12),['West', 'Stop', 'East', 'North', 'South'],East,4,[False, True, True, True, False],[(5, 6), (5, 12), (13, 6), (7, 1)],['Stop', 'Stop', 'Stop', 'Stop'],[14, 8, 6, None],1,8,71
20,16,(12, 12),['West', 'Stop', 'East', 'North', 'South'],West,4,[False, True, True, True, False],[(5, 6), (5, 12), (13, 6), (7, 1)],['Stop', 'Stop', 'Stop', 'Stop'],[13, 7, 7, None],1,9,70
20,16,(12, 11),['West', 'Stop', 'East', 'North', 'South'],South,4,[False, True, True, True, False],[(5, 6), (5, 12), (13, 6), (7, 1)],['Stop', 'Stop', 'Stop', 'Stop'],[12, 8, 6, None],1,8,69
20,16,(13, 11),['West', 'Stop', 'East', 'North', 'South'],East,4,[False, True, True, True, False],[(5, 6), (5, 12), (13, 6), (7, 1)],['Stop', 'Stop', 'Stop', 'Stop'],[13, 9, 5, None],1,7,68
20,16,(12, 11),['West', 'Stop', 'East', 'North', 'South'],West,4,[False, True, True, True, False],[(5, 6), (5, 12), (13, 6), (7, 1)],['Stop', 'Stop', 'Stop', 'Stop'],[12, 8, 6, None],1,8,67
20,16,(13, 11),['West', 'Stop', 'East', 'North', 'South'],East,4,[False, True, True, True, False],[(5, 6), (5, 12), (13, 6), (7, 1)],['Stop', 'Stop', 'Stop', 'Stop'],[13, 9, 5, None],1,7,66
20,16,(14, 11),['West', 'Stop', 'East', 'North', 'South'],East,4,[False, True, True, True, False],[(5, 6), (5, 12), (13, 6), (7, 1)],['Stop', 'Stop', 'Stop', 'Stop'],[14, 10, 6, None],1,6,65
20,16,(14, 10),['West', 'Stop', 'East', 'North', 'South'],South,4,[False, True, True, True, False],[(5, 6), (5, 12), (13, 6), (7, 1)],['Stop', 'Stop', 'Stop', 'Stop'],[13, 11, 5, None],1,5,64
20,16,(13, 10),['West', 'Stop', 'East', 'North', 'South'],West,4,[False, True, True, True, False],[(5, 6), (5, 12), (13, 6), (7, 1)],['Stop', 'Stop', 'Stop', 'Stop'],[12, 10, 4, None],1,6,63
20,16,(13, 9),['West', 'Stop', 'East', 'North', 'South'],South,4,[False, True, True, True, False],[(5, 6), (5, 12), (13, 6), (7, 1)],['Stop', 'Stop', 'Stop', 'Stop'],[11, 11, 3, None],1,5,62
20,16,(13, 8),['West', 'Stop', 'East', 'North', 'South'],South,4,[False, True, True, True, False],[(5, 6), (5, 12), (13, 6), (7, 1)],['Stop', 'Stop', 'Stop', 'Stop'],[10, 12, 2, None],1,6,61
20,16,(14, 8),['West', 'Stop', 'East', 'North', 'South'],East,4,[False, True, True, True, False],[(5, 6), (5, 12), (13, 6), (7, 1)],['Stop', 'Stop', 'Stop', 'Stop'],[11, 13, 3, None],1,5,60
20,16,(14, 9),['West', 'Stop', 'East', 'North', 'South'],North,4,[False, True, True, True, False],[(5, 6), (5, 12), (13, 6), (7, 1)],['Stop', 'Stop', 'Stop', 'Stop'],[12, 12, 4, None],1,4,59
20,16,(14, 8),['West', 'Stop', 'East', 'North', 'South'],South,4,[False, True, True, True, False],[(5, 6), (5, 12), (13, 6), (7, 1)],['Stop', 'Stop', 'Stop', 'Stop'],[11, 13, 3, None],1,5,58
20,16,(15, 8),['West', 'Stop', 'East', 'North', 'South'],East,4,[False, True, True, True, False],[(5, 6), (5, 12), (13, 6), (7, 1)],['Stop', 'Stop', 'Stop', 'Stop'],[12, 14, 4, None],1,4,57
20,16,(16, 8),['West', 'Stop', 'East', 'North', 'South'],East,4,[False, True, True, True, False],[(5, 6), (5, 12), (13, 6), (7, 1)],['Stop', 'Stop', 'Stop', 'Stop'],[13, 15, 5, None],1,3,56
20,16,(15, 8),['West', 'Stop', 'East', 'North', 'South'],West,4,[False, True, True, True, False],[(5, 6), (5, 12), (13, 6), (7, 1)],['Stop', 'Stop', 'Stop', 'Stop'],[12, 14, 4, None],1,4,55
20,16,(15, 7),['West', 'Stop', 'East', 'North', 'South'],South,4,[False, True, True, True, False],[(5, 6), (5, 12), (13, 6), (7, 1)],['Stop', 'Stop', 'Stop', 'Stop'],[11, 15, 3, None],1,5,54
20,16,(14, 7),['West', 'Stop', 'East', 'North', 'South'],West,4,[False, True, True, True, False],[(5, 6), (5, 12), (13, 6), (7, 1)],['Stop', 'Stop', 'Stop', 'Stop'],[10, 14, 2, None],1,6,53
20,16,(14, 6),['West', 'Stop', 'East', 'North', 'South'],South,4,[False, True, True, True, False],[(5, 6), (5, 12), (13, 6), (7, 1)],['Stop', 'Stop', 'Stop', 'Stop'],[9, 15, 1, None],1,7,52
20,16,(14, 7),['West', 'Stop', 'East', 'North', 'South'],North,4,[False, True, True, True, False],[(5, 6), (5, 12), (13, 6), (7, 1)],['Stop', 'Stop', 'Stop', 'Stop'],[10, 14, 2, None],1,6,51
20,16,(14, 6),['West', 'Stop', 'East', 'North', 'South'],South,4,[False, True, True, True, False],[(5, 6), (5, 12), (13, 6), (7, 1)],['Stop', 'Stop', 'Stop', 'Stop'],[9, 15, 1, None],1,7,50
20,16,(13, 6),['West', 'Stop', 'East', 'North', 'South'],West,4,[False, True, True, False, False],[(5, 6), (5, 12), (13, 6), (7, 1)],['Stop', 'Stop', 'Stop', 'Stop'],[8, 14, None, None],1,8,249
20,16,(14, 6),['West', 'Stop', 'East', 'North', 'South'],East,4,[False, True, True, False, False],[(5, 6), (5, 12), (5, 1), (7, 1)],['Stop', 'Stop', 'Stop', 'Stop'],[9, 15, None, None],1,7,248
20,16,(14, 7),['West', 'Stop', 'East', 'North', 'South'],North,4,[False, True, True, False, False],[(5, 6), (5, 12), (5, 1), (7, 1)],['Stop', 'Stop', 'Stop', 'Stop'],[10, 14, None, None],1,6,247
20,16,(14, 8),['West', 'Stop', 'East', 'North', 'South'],North,4,[False, True, True, False, False],[(5, 6), (5, 12), (5, 1), (7, 1)],['Stop', 'Stop', 'Stop', 'Stop'],[11, 13, None, None],1,5,246
20,16,(15, 8),['West', 'Stop', 'East', 'North', 'South'],East,4,[False, True, True, False, False],[(5, 6), (5, 12), (5, 1), (7, 1)],['Stop', 'Stop', 'Stop', 'Stop'],[12, 14, None, None],1,4,245
20,16,(14, 8),['West', 'Stop', 'East', 'North', 'South'],West,4,[False, True, True, False, False],[(5, 6), (5, 12), (5, 1), (7, 1)],['Stop', 'Stop', 'Stop', 'Stop'],[11, 13, None, None],1,5,244
20,16,(14, 7),['West', 'Stop', 'East', 'North', 'South'],South,4,[False, True, True, False, False],[(5, 6), (5, 12), (5, 1), (7, 1)],['Stop', 'Stop', 'Stop', 'Stop'],[10, 14, None, None],1,6,243
20,16,(15, 7),['West', 'Stop', 'East', 'North', 'South'],East,4,[False, True, True, False, False],[(5, 6), (5, 12), (5, 1), (7, 1)],['Stop', 'Stop', 'Stop', 'Stop'],[11, 15, None, None],1,5,242
20,16,(14, 7),['West', 'Stop', 'East', 'North', 'South'],West,4,[False, True, True, False, False],[(5, 6), (5, 12), (5, 1), (7, 1)],['Stop', 'Stop', 'Stop', 'Stop'],[10, 14, None, None],1,6,241
20,16,(14, 6),['West', 'Stop', 'East', 'North', 'South'],South,4,[False, True, True, False, False],[(5, 6), (5, 12), (5, 1), (7, 1)],['Stop', 'Stop', 'Stop', 'Stop'],[9, 15, None, None],1,7,240
20,16,(14, 7),['West', 'Stop', 'East', 'North', 'South'],North,4,[False, True, True, False, False],[(5, 6), (5, 12), (5, 1), (7, 1)],['Stop', 'Stop', 'Stop', 'Stop'],[10, 14, None, None],1,6,239
20,16,(14, 8),['West', 'Stop', 'East', 'North', 'South'],North,4,[False, True, True, False, False],[(5, 6), (5, 12), (5, 1), (7, 1)],['Stop', 'Stop', 'Stop', 'Stop'],[11, 13, None, None],1,5,238
20,16,(14, 7),['West', 'Stop', 'East', 'North', 'South'],South,4,[False, True, True, False, False],[(5, 6), (5, 12), (5, 1), (7, 1)],['Stop', 'Stop', 'Stop', 'Stop'],[10, 14, None, None],1,6,237
20,16,(14, 8),['West', 'Stop', 'East', 'North', 'South'],North,4,[False, True, True, False, False],[(5, 6), (5, 12), (5, 1), (7, 1)],['Stop', 'Stop', 'Stop', 'Stop'],[11, 13, None, None],1,5,236
20,16,(14, 7),['West', 'Stop', 'East', 'North', 'South'],South,4,[False, True, True, False, False],[(5, 6), (5, 12), (5, 1), (7, 1)],['Stop', 'Stop', 'Stop', 'Stop'],[10, 14, None, None],1,6,235
20,16,(14, 6),['West', 'Stop', 'East', 'North', 'South'],South,4,[False, True, True, False, False],[(5, 6), (5, 12), (5, 1), (7, 1)],['Stop', 'Stop', 'Stop', 'Stop'],[9, 15, None, None],1,7,234
20,16,(14, 7),['West', 'Stop', 'East', 'North', 'South'],North,4,[False, True, True, False, False],[(5, 6), (5, 12), (5, 1), (7, 1)],['Stop', 'Stop', 'Stop', 'Stop'],[10, 14, None, None],1,6,233
20,16,(13, 7),['West', 'Stop', 'East', 'North', 'South'],West,4,[False, True, True, False, False],[(5, 6), (5, 12), (5, 1), (7, 1)],['Stop', 'Stop', 'Stop', 'Stop'],[9, 13, None, None],1,7,232
20,16,(13, 8),['West', 'Stop', 'East', 'North', 'South'],North,4,[False, True, True, False, False],[(5, 6), (5, 12), (5, 1), (7, 1)],['Stop', 'Stop', 'Stop', 'Stop'],[10, 12, None, None],1,6,231
20,16,(13, 9),['West', 'Stop', 'East', 'North', 'South'],North,4,[False, True, True, False, False],[(5, 6), (5, 12), (5, 1), (7, 1)],['Stop', 'Stop', 'Stop', 'Stop'],[11, 11, None, None],1,5,230
20,16,(13, 8),['West', 'Stop', 'East', 'North', 'South'],South,4,[False, True, True, False, False],[(5, 6), (5, 12), (5, 1), (7, 1)],['Stop', 'Stop', 'Stop', 'Stop'],[10, 12, None, None],1,6,229
20,16,(12, 8),['West', 'Stop', 'East', 'North', 'South'],West,4,[False, True, True, False, False],[(5, 6), (5, 12), (5, 1), (7, 1)],['Stop', 'Stop', 'Stop', 'Stop'],[9, 11, None, None],1,7,228
20,16,(12, 7),['West', 'Stop', 'East', 'North', 'South'],South,4,[False, True, True, False, False],[(5, 6), (5, 12), (5, 1), (7, 1)],['Stop', 'Stop', 'Stop', 'Stop'],[8, 12, None, None],1,8,227
20,16,(13, 7),['West', 'Stop', 'East', 'North', 'South'],East,4,[False, True, True, False, False],[(5, 6), (5, 12), (5, 1), (7, 1)],['Stop', 'Stop', 'Stop', 'Stop'],[9, 13, None, None],1,7,226
20,16,(13, 8),['West', 'Stop', 'East', 'North', 'South'],North,4,[False, True, True, False, False],[(5, 6), (5, 12), (5, 1), (7, 1)],['Stop', 'Stop', 'Stop', 'Stop'],[10, 12, None, None],1,6,225
20,16,(12, 8),['West', 'Stop', 'East', 'North', 'South'],West,4,[False, True, True, False, False],[(5, 6), (5, 12), (5, 1), (7, 1)],['Stop', 'Stop', 'Stop', 'Stop'],[9, 11, None, None],1,7,224
20,16,(13, 8),['West', 'Stop', 'East', 'North', 'South'],East,4,[False, True, True, False, False],[(5, 6), (5, 12), (5, 1), (7, 1)],['Stop', 'Stop', 'Stop', 'Stop'],[10, 12, None, None],1,6,223
20,16,(13, 9),['West', 'Stop', 'East', 'North', 'South'],North,4,[False, True, True, False, False],[(5, 6), (5, 12), (5, 1), (7, 1)],['Stop', 'Stop', 'Stop', 'Stop'],[11, 11, None, None],1,5,222
20,16,(13, 8),['West', 'Stop', 'East', 'North', 'South'],South,4,[False, True, True, False, False],[(5, 6), (5, 12), (5, 1), (7, 1)],['Stop', 'Stop', 'Stop', 'Stop'],[10, 12, None, None],1,6,221
20,16,(13, 7),['West', 'Stop', 'East', 'North', 'South'],South,4,[False, True, True, False, False],[(5, 6), (5, 12), (5, 1), (7, 1)],['Stop', 'Stop', 'Stop', 'Stop'],[9, 13, None, None],1,7,220
20,16,(13, 6),['West', 'Stop', 'East', 'North', 'South'],South,4,[False, True, True, False, False],[(5, 6), (5, 12), (5, 1), (7, 1)],['Stop', 'Stop', 'Stop', 'Stop'],[8, 14, None, None],1,8,219
20,16,(14, 6),['West', 'Stop', 'East', 'North', 'South'],East,4,[False, True, True, False, False],[(5, 6), (5, 12), (5, 1), (7, 1)],['Stop', 'Stop', 'Stop', 'Stop'],[9, 15, None, None],1,7,218
20,16,(14, 7),['West', 'Stop', 'East', 'North', 'South'],North,4,[False, True, True, False, False],[(5, 6), (5, 12), (5, 1), (7, 1)],['Stop', 'Stop', 'Stop', 'Stop'],[10, 14, None, None],1,6,217
20,16,(14, 6),['West', 'Stop', 'East', 'North', 'South'],South,4,[False, True, True, False, False],[(5, 6), (5, 12), (5, 1), (7, 1)],['Stop', 'Stop', 'Stop', 'Stop'],[9, 15, None, None],1,7,216
20,16,(14, 5),['West', 'Stop', 'East', 'North', 'South'],South,4,[False, True, True, False, False],[(5, 6), (5, 12), (5, 1), (7, 1)],['Stop', 'Stop', 'Stop', 'Stop'],[10, 16, None, None],1,8,215
20,16,(13, 5),['West', 'Stop', 'East', 'North', 'South'],West,4,[False, True, True, False, False],[(5, 6), (5, 12), (5, 1), (7, 1)],['Stop', 'Stop', 'Stop', 'Stop'],[9, 15, None, None],1,9,214
20,16,(12, 5),['West', 'Stop', 'East', 'North', 'South'],West,4,[False, True, True, False, False],[(5, 6), (5, 12), (5, 1), (7, 1)],['Stop', 'Stop', 'Stop', 'Stop'],[8, 14, None, None],1,10,213
20,16,(12, 4),['West', 'Stop', 'East', 'North', 'South'],South,4,[False, True, True, False, False],[(5, 6), (5, 12), (5, 1), (7, 1)],['Stop', 'Stop', 'Stop', 'Stop'],[9, 15, None, None],1,11,212
20,16,(11, 4),['West', 'Stop', 'East', 'North', 'South'],West,4,[False, True, True, False, False],[(5, 6), (5, 12), (5, 1), (7, 1)],['Stop', 'Stop', 'Stop', 'Stop'],[8, 14, None, None],1,12,211
20,16,(11, 5),['West', 'Stop', 'East', 'North', 'South'],North,4,[False, True, True, False, False],[(5, 6), (5, 12), (5, 1), (7, 1)],['Stop', 'Stop', 'Stop', 'Stop'],[7, 13, None, None],1,11,210
20,16,(10, 5),['West', 'Stop', 'East', 'North', 'South'],West,4,[False, True, True, False, False],[(5, 6), (5, 12), (5, 1), (7, 1)],['Stop', 'Stop', 'Stop', 'Stop'],[6, 12, None, None],1,12,209
20,16,(11, 5),['West', 'Stop', 'East', 'North', 'South'],East,4,[False, True, True, False, False],[(5, 6), (5, 12), (5, 1), (7, 1)],['Stop', 'Stop', 'Stop', 'Stop'],[7, 13, None, None],1,11,208
20,16,(12, 5),['West', 'Stop', 'East', 'North', 'South'],East,4,[False, True, True, False, False],[(5, 6), (5, 12), (5, 1), (7, 1)],['Stop', 'Stop', 'Stop', 'Stop'],[8, 14, None, None],1,10,207
20,16,(12, 4),['West', 'Stop', 'East', 'North', 'South'],South,4,[False, True, True, False, False],[(5, 6), (5, 12), (5, 1), (7, 1)],['Stop', 'Stop', 'Stop', 'Stop'],[9, 15, None, None],1,11,206
20,16,(12, 3),['West', 'Stop', 'East', 'North'],South,4,[False, True, True, False, False],[(5, 6), (5, 12), (5, 1), (7, 1)],['Stop', 'Stop', 'Stop', 'Stop'],[10, 16, None, None],1,12,205
20,16,(11, 3),['West', 'Stop', 'East', 'North'],West,4,[False, True, True, False, False],[(5, 6), (5, 12), (5, 1), (7, 1)],['Stop', 'Stop', 'Stop', 'Stop'],[9, 15, None, None],1,13,204
20,16,(10, 3),['West', 'Stop', 'East', 'North'],West,4,[False, True, True, False, False],[(5, 6), (5, 12), (5, 1), (7, 1)],['Stop', 'Stop', 'Stop', 'Stop'],[8, 14, None, None],1,14,203
20,16,(10, 4),['West', 'Stop', 'East', 'North', 'South'],North,4,[False, True, True, False, False],[(5, 6), (5, 12), (5, 1), (7, 1)],['Stop', 'Stop', 'Stop', 'Stop'],[7, 13, None, None],1,13,202
20,16,(11, 4),['West', 'Stop', 'East', 'North', 'South'],East,4,[False, True, True, False, False],[(5, 6), (5, 12), (5, 1), (7, 1)],['Stop', 'Stop', 'Stop', 'Stop'],[8, 14, None, None],1,12,201
20,16,(10, 4),['West', 'Stop', 'East', 'North', 'South'],West,4,[False, True, True, False, False],[(5, 6), (5, 12), (5, 1), (7, 1)],['Stop', 'Stop', 'Stop', 'Stop'],[7, 13, None, None],1,13,200
20,16,(10, 3),['West', 'Stop', 'East', 'North'],South,4,[False, True, True, False, False],[(5, 6), (5, 12), (5, 1), (7, 1)],['Stop', 'Stop', 'Stop', 'Stop'],[8, 14, None, None],1,14,199
20,16,(9, 3),['West', 'Stop', 'East', 'North'],West,4,[False, True, True, False, False],[(5, 6), (5, 12), (5, 1), (7, 1)],['Stop', 'Stop', 'Stop', 'Stop'],[7, 13, None, None],1,15,198
20,16,(10, 3),['West', 'Stop', 'East', 'North'],East,4,[False, True, True, False, False],[(5, 6), (5, 12), (5, 1), (7, 1)],['Stop', 'Stop', 'Stop', 'Stop'],[8, 14, None, None],1,14,197
20,16,(11, 3),['West', 'Stop', 'East', 'North'],East,4,[False, True, True, False, False],[(5, 6), (5, 12), (5, 1), (7, 1)],['Stop', 'Stop', 'Stop', 'Stop'],[9, 15, None, None],1,13,196
20,16,(11, 4),['West', 'Stop', 'East', 'North', 'South'],North,4,[False, True, True, False, False],[(5, 6), (5, 12), (5, 1), (7, 1)],['Stop', 'Stop', 'Stop', 'Stop'],[8, 14, None, None],1,12,195
20,16,(11, 5),['West', 'Stop', 'East', 'North', 'South'],North,4,[False, True, True, False, False],[(5, 6), (5, 12), (5, 1), (7, 1)],['Stop', 'Stop', 'Stop', 'Stop'],[7, 13, None, None],1,11,194
20,16,(10, 5),['West', 'Stop', 'East', 'North', 'South'],West,4,[False, True, True, False, False],[(5, 6), (5, 12), (5, 1), (7, 1)],['Stop', 'Stop', 'Stop', 'Stop'],[6, 12, None, None],1,12,193
20,16,(10, 6),['West', 'Stop', 'East', 'North', 'South'],North,4,[False, True, True, False, False],[(5, 6), (5, 12), (5, 1), (7, 1)],['Stop', 'Stop', 'Stop', 'Stop'],[5, 11, None, None],1,11,192
20,16,(9, 6),['West', 'Stop', 'East', 'North', 'South'],West,4,[False, True, True, False, False],[(5, 6), (5, 12), (5, 1), (7, 1)],['Stop', 'Stop', 'Stop', 'Stop'],[4, 10, None, None],1,12,191
20,16,(9, 5),['West', 'Stop', 'East', 'North', 'South'],South,4,[False, True, True, False, False],[(5, 6), (5, 12), (5, 1), (7, 1)],['Stop', 'Stop', 'Stop', 'Stop'],[5, 11, None, None],1,13,190
20,16,(9, 4),['West', 'Stop', 'East', 'North', 'South'],South,4,[False, True, True, False, False],[(5, 6), (5, 12), (5, 1), (7, 1)],['Stop', 'Stop', 'Stop', 'Stop'],[6, 12, None, None],1,14,189
20,16,(8, 4),['West', 'Stop', 'East', 'North', 'South'],West,4,[False, True, True, False, False],[(5, 6), (5, 12), (5, 1), (7, 1)],['Stop', 'Stop', 'Stop', 'Stop'],[5, 11, None, None],1,15,188
20,16,(7, 4),['West', 'Stop', 'East', 'North', 'South'],West,4,[False, True, True, False, False],[(5, 6), (5, 12), (5, 1), (7, 1)],['Stop', 'Stop', 'Stop', 'Stop'],[4, 10, None, None],1,16,187
20,16,(7, 3),['West', 'Stop', 'East', 'North'],South,4,[False, True, True, False, False],[(5, 6), (5, 12), (5, 1), (7, 1)],['Stop', 'Stop', 'Stop', 'Stop'],[5, 11, None, None],1,17,186
20,16,(6, 3),['West', 'Stop', 'East', 'North'],West,4,[False, True, True, False, False],[(5, 6), (5, 12), (5, 1), (7, 1)],['Stop', 'Stop', 'Stop', 'Stop'],[4, 10, None, None],1,18,185
20,16,(5, 3),['West', 'Stop', 'East', 'North'],West,4,[False, True, True, False, False],[(5, 6), (5, 12), (5, 1), (7, 1)],['Stop', 'Stop', 'Stop', 'Stop'],[3, 9, None, None],1,19,184
20,16,(5, 3),['West', 'Stop', 'East', 'North'],West,4,[False, True, True, False, False],[(5, 6), (5, 12), (5, 1), (7, 1)],['Stop', 'Stop', 'Stop', 'Stop'],[3, 9, None, None],1,19,183
20,16,(5, 3),['West', 'Stop', 'East', 'North'],West,4,[False, True, True, False, False],[(5, 6), (5, 12), (5, 1), (7, 1)],['Stop', 'Stop', 'Stop', 'Stop'],[3, 9, None, None],1,19,182
20,16,(5, 4),['West', 'Stop', 'East', 'North', 'South'],North,4,[False, True, True, False, False],[(5, 6), (5, 12), (5, 1), (7, 1)],['Stop', 'Stop', 'Stop', 'Stop'],[2, 8, None, None],1,18,181
20,16,(6, 4),['West', 'Stop', 'East', 'North', 'South'],East,4,[False, True, True, False, False],[(5, 6), (5, 12), (5, 1), (7, 1)],['Stop', 'Stop', 'Stop', 'Stop'],[3, 9, None, None],1,17,180
20,16,(6, 3),['West', 'Stop', 'East', 'North'],South,4,[False, True, True, False, False],[(5, 6), (5, 12), (5, 1), (7, 1)],['Stop', 'Stop', 'Stop', 'Stop'],[4, 10, None, None],1,18,179
20,16,(6, 3),['West', 'Stop', 'East', 'North'],South,4,[False, True, True, False, False],[(5, 6), (5, 12), (5, 1), (7, 1)],['Stop', 'Stop', 'Stop', 'Stop'],[4, 10, None, None],1,18,178
20,16,(6, 4),['West', 'Stop', 'East', 'North', 'South'],North,4,[False, True, True, False, False],[(5, 6), (5, 12), (5, 1), (7, 1)],['Stop', 'Stop', 'Stop', 'Stop'],[3, 9, None, None],1,17,177
20,16,(5, 4),['West', 'Stop', 'East', 'North', 'South'],West,4,[False, True, True, False, False],[(5, 6), (5, 12), (5, 1), (7, 1)],['Stop', 'Stop', 'Stop', 'Stop'],[2, 8, None, None],1,18,176
20,16,(5, 3),['West', 'Stop', 'East', 'North'],South,4,[False, True, True, False, False],[(5, 6), (5, 12), (5, 1), (7, 1)],['Stop', 'Stop', 'Stop', 'Stop'],[3, 9, None, None],1,19,175
20,16,(4, 3),['West', 'Stop', 'East', 'North'],West,4,[False, True, True, False, False],[(5, 6), (5, 12), (5, 1), (7, 1)],['Stop', 'Stop', 'Stop', 'Stop'],[4, 10, None, None],1,20,174
20,16,(5, 3),['West', 'Stop', 'East', 'North'],East,4,[False, True, True, False, False],[(5, 6), (5, 12), (5, 1), (7, 1)],['Stop', 'Stop', 'Stop', 'Stop'],[3, 9, None, None],1,19,173
20,16,(4, 3),['West', 'Stop', 'East', 'North'],West,4,[False, True, True, False, False],[(5, 6), (5, 12), (5, 1), (7, 1)],['Stop', 'Stop', 'Stop', 'Stop'],[4, 10, None, None],1,20,172
20,16,(4, 3),['West', 'Stop', 'East', 'North'],West,4,[False, True, True, False, False],[(5, 6), (5, 12), (5, 1), (7, 1)],['Stop', 'Stop', 'Stop', 'Stop'],[4, 10, None, None],1,20,171
20,16,(3, 3),['West', 'Stop', 'East', 'North'],West,4,[False, True, True, False, False],[(5, 6), (5, 12), (5, 1), (7, 1)],['Stop', 'Stop', 'Stop', 'Stop'],[5, 11, None, None],1,21,170
20,16,(2, 3),['West', 'Stop', 'East', 'North'],West,4,[False, True, True, False, False],[(5, 6), (5, 12), (5, 1), (7, 1)],['Stop', 'Stop', 'Stop', 'Stop'],[6, 12, None, None],1,22,169
20,16,(3, 3),['West', 'Stop', 'East', 'North'],East,4,[False, True, True, False, False],[(5, 6), (5, 12), (5, 1), (7, 1)],['Stop', 'Stop', 'Stop', 'Stop'],[5, 11, None, None],1,21,168
20,16,(3, 4),['West', 'Stop', 'East', 'North', 'South'],North,4,[False, True, True, False, False],[(5, 6), (5, 12), (5, 1), (7, 1)],['Stop', 'Stop', 'Stop', 'Stop'],[4, 10, None, None],1,20,167
20,16,(3, 3),['West', 'Stop', 'East', 'North'],South,4,[False, True, True, False, False],[(5, 6), (5, 12), (5, 1), (7, 1)],['Stop', 'Stop', 'Stop', 'Stop'],[5, 11, None, None],1,21,166
20,16,(3, 4),['West', 'Stop', 'East', 'North', 'South'],North,4,[False, True, True, False, False],[(5, 6), (5, 12), (5, 1), (7, 1)],['Stop', 'Stop', 'Stop', 'Stop'],[4, 10, None, None],1,20,165
20,16,(3, 3),['West', 'Stop', 'East', 'North'],South,4,[False, True, True, False, False],[(5, 6), (5, 12), (5, 1), (7, 1)],['Stop', 'Stop', 'Stop', 'Stop'],[5, 11, None, None],1,21,164
20,16,(3, 3),['West', 'Stop', 'East', 'North'],South,4,[False, True, True, False, False],[(5, 6), (5, 12), (5, 1), (7, 1)],['Stop', 'Stop', 'Stop', 'Stop'],[5, 11, None, None],1,21,163
20,16,(3, 4),['West', 'Stop', 'East', 'North', 'South'],North,4,[False, True, True, False, False],[(5, 6), (5, 12), (5, 1), (7, 1)],['Stop', 'Stop', 'Stop', 'Stop'],[4, 10, None, None],1,20,162
20,16,(3, 3),['West', 'Stop', 'East', 'North'],South,4,[False, True, True, False, False],[(5, 6), (5, 12), (5, 1), (7, 1)],['Stop', 'Stop', 'Stop', 'Stop'],[5, 11, None, None],1,21,161
20,16,(3, 4),['West', 'Stop', 'East', 'North', 'South'],North,4,[False, True, True, False, False],[(5, 6), (5, 12), (5, 1), (7, 1)],['Stop', 'Stop', 'Stop', 'Stop'],[4, 10, None, None],1,20,160
20,16,(4, 4),['West', 'Stop', 'East', 'North', 'South'],East,4,[False, True, True, False, False],[(5, 6), (5, 12), (5, 1), (7, 1)],['Stop', 'Stop', 'Stop', 'Stop'],[3, 9, None, None],1,19,159
20,16,(5, 4),['West', 'Stop', 'East', 'North', 'South'],East,4,[False, True, True, False, False],[(5, 6), (5, 12), (5, 1), (7, 1)],['Stop', 'Stop', 'Stop', 'Stop'],[2, 8, None, None],1,18,158
20,16,(5, 3),['West', 'Stop', 'East', 'North'],South,4,[False, True, True, False, False],[(5, 6), (5, 12), (5, 1), (7, 1)],['Stop', 'Stop', 'Stop', 'Stop'],[3, 9, None, None],1,19,157
20,16,(5, 4),['West', 'Stop', 'East', 'North', 'South'],North,4,[False, True, True, False, False],[(5, 6), (5, 12), (5, 1), (7, 1)],['Stop', 'Stop', 'Stop', 'Stop'],[2, 8, None, None],1,18,156
20,16,(5, 5),['West', 'Stop', 'East', 'North', 'South'],North,4,[False, True, True, False, False],[(5, 6), (5, 12), (5, 1), (7, 1)],['Stop', 'Stop', 'Stop', 'Stop'],[1, 7, None, None],1,17,155
20,16,(5, 4),['West', 'Stop', 'East', 'North', 'South'],South,4,[False, True, True, False, False],[(5, 6), (5, 12), (5, 1), (7, 1)],['Stop', 'Stop', 'Stop', 'Stop'],[2, 8, None, None],1,18,154
20,16,(6, 4),['West', 'Stop', 'East', 'North', 'South'],East,4,[False, True, True, False, False],[(5, 6), (5, 12), (5, 1), (7, 1)],['Stop', 'Stop', 'Stop', 'Stop'],[3, 9, None, None],1,17,153
20,16,(7, 4),['West', 'Stop', 'East', 'North', 'South'],East,4,[False, True, True, False, False],[(5, 6), (5, 12), (5, 1), (7, 1)],['Stop', 'Stop', 'Stop', 'Stop'],[4, 10, None, None],1,16,152
20,16,(8, 4),['West', 'Stop', 'East', 'North', 'South'],East,4,[False, True, True, False, False],[(5, 6), (5, 12), (5, 1), (7, 1)],['Stop', 'Stop', 'Stop', 'Stop'],[5, 11, None, None],1,15,151
20,16,(9, 4),['West', 'Stop', 'East', 'North', 'South'],East,4,[False, True, True, False, False],[(5, 6), (5, 12), (5, 1), (7, 1)],['Stop', 'Stop', 'Stop', 'Stop'],[6, 12, None, None],1,14,150
20,16,(9, 3),['West', 'Stop', 'East', 'North'],South,4,[False, True, True, False, False],[(5, 6), (5, 12), (5, 1), (7, 1)],['Stop', 'Stop', 'Stop', 'Stop'],[7, 13, None, None],1,15,149
20,16,(9, 3),['West', 'Stop', 'East', 'North'],South,4,[False, True, True, False, False],[(5, 6), (5, 12), (5, 1), (7, 1)],['Stop', 'Stop', 'Stop', 'Stop'],[7, 13, None, None],1,15,148
20,16,(10, 3),['West', 'Stop', 'East', 'North'],East,4,[False, True, True, False, False],[(5, 6), (5, 12), (5, 1), (7, 1)],['Stop', 'Stop', 'Stop', 'Stop'],[8, 14, None, None],1,14,147
20,16,(10, 4),['West', 'Stop', 'East', 'North', 'South'],North,4,[False, True, True, False, False],[(5, 6), (5, 12), (5, 1), (7, 1)],['Stop', 'Stop', 'Stop', 'Stop'],[7, 13, None, None],1,13,146
20,16,(10, 5),['West', 'Stop', 'East', 'North', 'South'],North,4,[False, True, True, False, False],[(5, 6), (5, 12), (5, 1), (7, 1)],['Stop', 'Stop', 'Stop', 'Stop'],[6, 12, None, None],1,12,145
20,16,(9, 5),['West', 'Stop', 'East', 'North', 'South'],West,4,[False, True, True, False, False],[(5, 6), (5, 12), (5, 1), (7, 1)],['Stop', 'Stop', 'Stop', 'Stop'],[5, 11, None, None],1,13,144
20,16,(9, 4),['West', 'Stop', 'East', 'North', 'South'],South,4,[False, True, True, False, False],[(5, 6), (5, 12), (5, 1), (7, 1)],['Stop', 'Stop', 'Stop', 'Stop'],[6, 12, None, None],1,14,143
20,16,(9, 3),['West', 'Stop', 'East', 'North'],South,4,[False, True, True, False, False],[(5, 6), (5, 12), (5, 1), (7, 1)],['Stop', 'Stop', 'Stop', 'Stop'],[7, 13, None, None],1,15,142
20,16,(9, 4),['West', 'Stop', 'East', 'North', 'South'],North,4,[False, True, True, False, False],[(5, 6), (5, 12), (5, 1), (7, 1)],['Stop', 'Stop', 'Stop', 'Stop'],[6, 12, None, None],1,14,141
20,16,(9, 3),['West', 'Stop', 'East', 'North'],South,4,[False, True, True, False, False],[(5, 6), (5, 12), (5, 1), (7, 1)],['Stop', 'Stop', 'Stop', 'Stop'],[7, 13, None, None],1,15,140
20,16,(9, 3),['West', 'Stop', 'East', 'North'],South,4,[False, True, True, False, False],[(5, 6), (5, 12), (5, 1), (7, 1)],['Stop', 'Stop', 'Stop', 'Stop'],[7, 13, None, None],1,15,139
20,16,(10, 3),['West', 'Stop', 'East', 'North'],East,4,[False, True, True, False, False],[(5, 6), (5, 12), (5, 1), (7, 1)],['Stop', 'Stop', 'Stop', 'Stop'],[8, 14, None, None],1,14,138
20,16,(11, 3),['West', 'Stop', 'East', 'North'],East,4,[False, True, True, False, False],[(5, 6), (5, 12), (5, 1), (7, 1)],['Stop', 'Stop', 'Stop', 'Stop'],[9, 15, None, None],1,13,137
20,16,(11, 4),['West', 'Stop', 'East', 'North', 'South'],North,4,[False, True, True, False, False],[(5, 6), (5, 12), (5, 1), (7, 1)],['Stop', 'Stop', 'Stop', 'Stop'],[8, 14, None, None],1,12,136
20,16,(11, 3),['West', 'Stop', 'East', 'North'],South,4,[False, True, True, False, False],[(5, 6), (5, 12), (5, 1), (7, 1)],['Stop', 'Stop', 'Stop', 'Stop'],[9, 15, None, None],1,13,135
20,16,(11, 3),['West', 'Stop', 'East', 'North'],South,4,[False, True, True, False, False],[(5, 6), (5, 12), (5, 1), (7, 1)],['Stop', 'Stop', 'Stop', 'Stop'],[9, 15, None, None],1,13,134
20,16,(11, 4),['West', 'Stop', 'East', 'North', 'South'],North,4,[False, True, True, False, False],[(5, 6), (5, 12), (5, 1), (7, 1)],['Stop', 'Stop', 'Stop', 'Stop'],[8, 14, None, None],1,12,133
20,16,(11, 5),['West', 'Stop', 'East', 'North', 'South'],North,4,[False, True, True, False, False],[(5, 6), (5, 12), (5, 1), (7, 1)],['Stop', 'Stop', 'Stop', 'Stop'],[7, 13, None, None],1,11,132
20,16,(12, 5),['West', 'Stop', 'East', 'North', 'South'],East,4,[False, True, True, False, False],[(5, 6), (5, 12), (5, 1), (7, 1)],['Stop', 'Stop', 'Stop', 'Stop'],[8, 14, None, None],1,10,131
20,16,(12, 4),['West', 'Stop', 'East', 'North', 'South'],South,4,[False, True, True, False, False],[(5, 6), (5, 12), (5, 1), (7, 1)],['Stop', 'Stop', 'Stop', 'Stop'],[9, 15, None, None],1,11,130
20,16,(12, 5),['West', 'Stop', 'East', 'North', 'South'],North,4,[False, True, True, False, False],[(5, 6), (5, 12), (5, 1), (7, 1)],['Stop', 'Stop', 'Stop', 'Stop'],[8, 14, None, None],1,10,129
20,16,(12, 4),['West', 'Stop', 'East', 'North', 'South'],South,4,[False, True, True, False, False],[(5, 6), (5, 12), (5, 1), (7, 1)],['Stop', 'Stop', 'Stop', 'Stop'],[9, 15, None, None],1,11,128
20,16,(12, 5),['West', 'Stop', 'East', 'North', 'South'],North,4,[False, True, True, False, False],[(5, 6), (5, 12), (5, 1), (7, 1)],['Stop', 'Stop', 'Stop', 'Stop'],[8, 14, None, None],1,10,127
20,16,(13, 5),['West', 'Stop', 'East', 'North', 'South'],East,4,[False, True, True, False, False],[(5, 6), (5, 12), (5, 1), (7, 1)],['Stop', 'Stop', 'Stop', 'Stop'],[9, 15, None, None],1,9,126
20,16,(14, 5),['West', 'Stop', 'East', 'North', 'South'],East,4,[False, True, True, False, False],[(5, 6), (5, 12), (5, 1), (7, 1)],['Stop', 'Stop', 'Stop', 'Stop'],[10, 16, None, None],1,8,125
20,16,(13, 5),['West', 'Stop', 'East', 'North', 'South'],West,4,[False, True, True, False, False],[(5, 6), (5, 12), (5, 1), (7, 1)],['Stop', 'Stop', 'Stop', 'Stop'],[9, 15, None, None],1,9,124
20,16,(14, 5),['West', 'Stop', 'East', 'North', 'South'],East,4,[False, True, True, False, False],[(5, 6), (5, 12), (5, 1), (7, 1)],['Stop', 'Stop', 'Stop', 'Stop'],[10, 16, None, None],1,8,123
20,16,(14, 6),['West', 'Stop', 'East', 'North', 'South'],North,4,[False, True, True, False, False],[(5, 6), (5, 12), (5, 1), (7, 1)],['Stop', 'Stop', 'Stop', 'Stop'],[9, 15, None, None],1,7,122
20,16,(14, 7),['West', 'Stop', 'East', 'North', 'South'],North,4,[False, True, True, False, False],[(5, 6), (5, 12), (5, 1), (7, 1)],['Stop', 'Stop', 'Stop', 'Stop'],[10, 14, None, None],1,6,121
20,16,(14, 6),['West', 'Stop', 'East', 'North', 'South'],South,4,[False, True, True, False, False],[(5, 6), (5, 12), (5, 1), (7, 1)],['Stop', 'Stop', 'Stop', 'Stop'],[9, 15, None, None],1,7,120
20,16,(14, 5),['West', 'Stop', 'East', 'North', 'South'],South,4,[False, True, True, False, False],[(5, 6), (5, 12), (5, 1), (7, 1)],['Stop', 'Stop', 'Stop', 'Stop'],[10, 16, None, None],1,8,119
20,16,(14, 4),['West', 'Stop', 'East', 'North', 'South'],South,4,[False, True, True, False, False],[(5, 6), (5, 12), (5, 1), (7, 1)],['Stop', 'Stop', 'Stop', 'Stop'],[11, 17, None, None],1,9,118
20,16,(14, 3),['West', 'Stop', 'East', 'North'],South,4,[False, True, True, False, False],[(5, 6), (5, 12), (5, 1), (7, 1)],['Stop', 'Stop', 'Stop', 'Stop'],[12, 18, None, None],1,10,117
20,16,(14, 3),['West', 'Stop', 'East', 'North'],South,4,[False, True, True, False, False],[(5, 6), (5, 12), (5, 1), (7, 1)],['Stop', 'Stop', 'Stop', 'Stop'],[12, 18, None, None],1,10,116
20,16,(15, 3),['West', 'Stop', 'East', 'North'],East,4,[False, True, True, False, False],[(5, 6), (5, 12), (5, 1), (7, 1)],['Stop', 'Stop', 'Stop', 'Stop'],[13, 19, None, None],1,9,115
20,16,(16, 3),['West', 'Stop', 'East', 'North'],East,4,[False, True, True, False, False],[(5, 6), (5, 12), (5, 1), (7, 1)],['Stop', 'Stop', 'Stop', 'Stop'],[14, 20, None, None],1,8,114
20,16,(17, 3),['West', 'Stop', 'East', 'North'],East,4,[False, True, True, False, False],[(5, 6), (5, 12), (5, 1), (7, 1)],['Stop', 'Stop', 'Stop', 'Stop'],[15, 21, None, None],1,7,113
20,16,(17, 3),['West', 'Stop', 'East', 'North'],East,4,[False, True, True, False, False],[(5, 6), (5, 12), (5, 1), (7, 1)],['Stop', 'Stop', 'Stop', 'Stop'],[15, 21, None, None],1,7,112
20,16,(18, 3),['West', 'Stop', 'North'],East,4,[False, True, True, False, False],[(5, 6), (5, 12), (5, 1), (7, 1)],['Stop', 'Stop', 'Stop', 'Stop'],[16, 22, None, None],1,6,111
20,16,(18, 4),['West', 'Stop', 'North', 'South'],North,4,[False, True, True, False, False],[(5, 6), (5, 12), (5, 1), (7, 1)],['Stop', 'Stop', 'Stop', 'Stop'],[15, 21, None, None],1,5,110
20,16,(18, 3),['West', 'Stop', 'North'],South,4,[False, True, True, False, False],[(5, 6), (5, 12), (5, 1), (7, 1)],['Stop', 'Stop', 'Stop', 'Stop'],[16, 22, None, None],1,6,109
20,16,(18, 4),['West', 'Stop', 'North', 'South'],North,4,[False, True, True, False, False],[(5, 6), (5, 12), (5, 1), (7, 1)],['Stop', 'Stop', 'Stop', 'Stop'],[15, 21, None, None],1,5,108
20,16,(18, 5),['West', 'Stop', 'North', 'South'],North,4,[False, True, True, False, False],[(5, 6), (5, 12), (5, 1), (7, 1)],['Stop', 'Stop', 'Stop', 'Stop'],[14, 20, None, None],1,4,107
20,16,(18, 5),['West', 'Stop', 'North', 'South'],North,4,[False, True, True, False, False],[(5, 6), (5, 12), (5, 1), (7, 1)],['Stop', 'Stop', 'Stop', 'Stop'],[14, 20, None, None],1,4,106
20,16,(18, 6),['West', 'Stop', 'North', 'South'],North,4,[False, True, True, False, False],[(5, 6), (5, 12), (5, 1), (7, 1)],['Stop', 'Stop', 'Stop', 'Stop'],[13, 19, None, None],1,3,105
20,16,(17, 6),['West', 'Stop', 'East', 'North', 'South'],West,4,[False, True, True, False, False],[(5, 6), (5, 12), (5, 1), (7, 1)],['Stop', 'Stop', 'Stop', 'Stop'],[12, 18, None, None],1,4,104
20,16,(17, 7),['West', 'Stop', 'East', 'North', 'South'],North,4,[False, True, True, False, False],[(5, 6), (5, 12), (5, 1), (7, 1)],['Stop', 'Stop', 'Stop', 'Stop'],[13, 17, None, None],1,3,103
20,16,(16, 7),['West', 'Stop', 'East', 'North', 'South'],West,4,[False, True, True, False, False],[(5, 6), (5, 12), (5, 1), (7, 1)],['Stop', 'Stop', 'Stop', 'Stop'],[12, 16, None, None],1,4,102
20,16,(16, 6),['West', 'Stop', 'East', 'North', 'South'],South,4,[False, True, True, False, False],[(5, 6), (5, 12), (5, 1), (7, 1)],['Stop', 'Stop', 'Stop', 'Stop'],[11, 17, None, None],1,5,101
20,16,(17, 6),['West', 'Stop', 'East', 'North', 'South'],East,4,[False, True, True, False, False],[(5, 6), (5, 12), (5, 1), (7, 1)],['Stop', 'Stop', 'Stop', 'Stop'],[12, 18, None, None],1,4,100
20,16,(17, 5),['West', 'Stop', 'East', 'North', 'South'],South,4,[False, True, True, False, False],[(5, 6), (5, 12), (5, 1), (7, 1)],['Stop', 'Stop', 'Stop', 'Stop'],[13, 19, None, None],1,5,99
20,16,(17, 6),['West', 'Stop', 'East', 'North', 'South'],North,4,[False, True, True, False, False],[(5, 6), (5, 12), (5, 1), (7, 1)],['Stop', 'Stop', 'Stop', 'Stop'],[12, 18, None, None],1,4,98
20,16,(18, 6),['West', 'Stop', 'North', 'South'],East,4,[False, True, True, False, False],[(5, 6), (5, 12), (5, 1), (7, 1)],['Stop', 'Stop', 'Stop', 'Stop'],[13, 19, None, None],1,3,97
20,16,(18, 7),['West', 'Stop', 'North', 'South'],North,4,[False, True, True, False, False],[(5, 6), (5, 12), (5, 1), (7, 1)],['Stop', 'Stop', 'Stop', 'Stop'],[14, 18, None, None],1,2,96
20,16,(18, 6),['West', 'Stop', 'North', 'South'],South,4,[False, True, True, False, False],[(5, 6), (5, 12), (5, 1), (7, 1)],['Stop', 'Stop', 'Stop', 'Stop'],[13, 19, None, None],1,3,95
20,16,(18, 5),['West', 'Stop', 'North', 'South'],South,4,[False, True, True, False, False],[(5, 6), (5, 12), (5, 1), (7, 1)],['Stop', 'Stop', 'Stop', 'Stop'],[14, 20, None, None],1,4,94
20,16,(18, 6),['West', 'Stop', 'North', 'South'],North,4,[False, True, True, False, False],[(5, 6), (5, 12), (5, 1), (7, 1)],['Stop', 'Stop', 'Stop', 'Stop'],[13, 19, None, None],1,3,93
20,16,(18, 6),['West', 'Stop', 'North', 'South'],North,4,[False, True, True, False, False],[(5, 6), (5, 12), (5, 1), (7, 1)],['Stop', 'Stop', 'Stop', 'Stop'],[13, 19, None, None],1,3,92
20,16,(18, 6),['West', 'Stop', 'North', 'South'],North,4,[False, True, True, False, False],[(5, 6), (5, 12), (5, 1), (7, 1)],['Stop', 'Stop', 'Stop', 'Stop'],[13, 19, None, None],1,3,91
20,16,(18, 6),['West', 'Stop', 'North', 'South'],North,4,[False, True, True, False, False],[(5, 6), (5, 12), (5, 1), (7, 1)],['Stop', 'Stop', 'Stop', 'Stop'],[13, 19, None, None],1,3,90
20,16,(18, 5),['West', 'Stop', 'North', 'South'],South,4,[False, True, True, False, False],[(5, 6), (5, 12), (5, 1), (7, 1)],['Stop', 'Stop', 'Stop', 'Stop'],[14, 20, None, None],1,4,89
20,16,(17, 5),['West', 'Stop', 'East', 'North', 'South'],West,4,[False, True, True, False, False],[(5, 6), (5, 12), (5, 1), (7, 1)],['Stop', 'Stop', 'Stop', 'Stop'],[13, 19, None, None],1,5,88
20,16,(18, 5),['West', 'Stop', 'North', 'South'],East,4,[False, True, True, False, False],[(5, 6), (5, 12), (5, 1), (7, 1)],['Stop', 'Stop', 'Stop', 'Stop'],[14, 20, None, None],1,4,87
20,16,(18, 5),['West', 'Stop', 'North', 'South'],East,4,[False, True, True, False, False],[(5, 6), (5, 12), (5, 1), (7, 1)],['Stop', 'Stop', 'Stop', 'Stop'],[14, 20, None, None],1,4,86
20,16,(18, 4),['West', 'Stop', 'North', 'South'],South,4,[False, True, True, False, False],[(5, 6), (5, 12), (5, 1), (7, 1)],['Stop', 'Stop', 'Stop', 'Stop'],[15, 21, None, None],1,5,85
20,16,(18, 5),['West', 'Stop', 'North', 'South'],North,4,[False, True, True, False, False],[(5, 6), (5, 12), (5, 1), (7, 1)],['Stop', 'Stop', 'Stop', 'Stop'],[14, 20, None, None],1,4,84
20,16,(18, 6),['West', 'Stop', 'North', 'South'],North,4,[False, True, True, False, False],[(5, 6), (5, 12), (5, 1), (7, 1)],['Stop', 'Stop', 'Stop', 'Stop'],[13, 19, None, None],1,3,83
20,16,(18, 6),['West', 'Stop', 'North', 'South'],North,4,[False, True, True, False, False],[(5, 6), (5, 12), (5, 1), (7, 1)],['Stop', 'Stop', 'Stop', 'Stop'],[13, 19, None, None],1,3,82
20,16,(18, 5),['West', 'Stop', 'North', 'South'],South,4,[False, True, True, False, False],[(5, 6), (5, 12), (5, 1), (7, 1)],['Stop', 'Stop', 'Stop', 'Stop'],[14, 20, None, None],1,4,81
20,16,(13, 10),['West', 'Stop', 'East', 'North', 'South'],East,4,[False, True, True, True, True],[(5, 6), (5, 12), (13, 6), (13, 12)],['Stop', 'Stop', 'Stop', 'Stop'],[12, 10, 4, 2],1,6,-1
20,16,(12, 10),['West', 'Stop', 'East', 'North', 'South'],West,4,[False, True, True, True, True],[(6, 6), (5, 13), (13, 5), (13, 13)],['East', 'North', 'South', 'North'],[10, 10, 6, 4],1,7,-2
20,16,(13, 10),['West', 'Stop', 'East', 'North', 'South'],East,4,[False, True, True, True, True],[(6, 6), (4, 13), (12, 5), (13, 13)],['East', 'West', 'West', 'North'],[11, 12, 6, 3],1,6,-3
20,16,(14, 10),['West', 'Stop', 'East', 'North', 'South'],East,4,[False, True, True, True, True],[(7, 6), (5, 13), (11, 5), (13, 14)],['East', 'East', 'West', 'North'],[11, 12, 8, 5],1,5,-4
20,16,(14, 9),['West', 'Stop', 'East', 'North', 'South'],South,4,[False, True, True, True, True],[(8, 6), (5, 14), (10, 5), (13, 14)],['East', 'North', 'West', 'North'],[9, 14, 8, 6],1,4,-5
20,16,(14, 8),['West', 'Stop', 'East', 'North', 'South'],South,4,[False, True, True, True, True],[(8, 7), (5, 13), (10, 6), (14, 14)],['North', 'South', 'North', 'East'],[7, 14, 6, 6],1,5,-6
20,16,(14, 9),['West', 'Stop', 'East', 'North', 'South'],North,4,[False, True, True, True, True],[(8, 8), (6, 13), (9, 6), (14, 14)],['North', 'East', 'West', 'East'],[7, 12, 8, 5],1,4,-7
20,16,(15, 9),['West', 'Stop', 'East', 'North', 'South'],East,4,[False, True, True, True, True],[(8, 9), (6, 12), (9, 5), (13, 14)],['North', 'South', 'South', 'West'],[7, 12, 10, 7],1,3,-8
20,16,(16, 9),['West', 'Stop', 'East', 'North', 'South'],East,4,[False, True, True, True, True],[(7, 9), (7, 12), (9, 4), (12, 14)],['West', 'East', 'South', 'West'],[9, 12, 12, 9],1,2,-9
20,16,(17, 9),['West', 'Stop', 'East', 'North', 'South'],East,4,[False, True, True, True, True],[(7, 10), (6, 12), (10, 4), (13, 14)],['North', 'West', 'East', 'East'],[11, 14, 12, 9],1,1,-10
20,16,(12, 9),['West', 'Stop', 'East', 'North', 'South'],South,4,[False, True, True, True, True],[(5, 6), (5, 12), (13, 6), (13, 12)],['Stop', 'Stop', 'Stop', 'Stop'],[10, 10, 4, 4],1,6,-1
20,16,(12, 8),['West', 'Stop', 'East', 'North', 'South'],South,4,[False, True, True, True, True],[(5, 6), (5, 12), (13, 6), (13, 12)],['Stop', 'Stop', 'Stop', 'Stop'],[9, 11, 3, 5],1,7,-2
20,16,(12, 9),['West', 'Stop', 'East', 'North', 'South'],North,4,[False, True, True, True, True],[(5, 6), (5, 12), (13, 6), (13, 12)],['Stop', 'Stop', 'Stop', 'Stop'],[10, 10, 4, 4],1,6,-3
20,16,(11, 9),['West', 'Stop', 'East', 'North', 'South'],West,4,[False, True, True, True, True],[(5, 6), (5, 12), (13, 6), (13, 12)],['Stop', 'Stop', 'Stop', 'Stop'],[9, 9, 5, 5],1,7,-4
20,16,(11, 10),['West', 'Stop', 'East', 'North', 'South'],North,4,[False, True, True, True, True],[(5, 6), (5, 12), (13, 6), (13, 12)],['Stop', 'Stop', 'Stop', 'Stop'],[10, 8, 6, 4],1,8,-5
20,16,(11, 9),['West', 'Stop', 'East', 'North', 'South'],South,4,[False, True, True, True, True],[(5, 6), (5, 12), (13, 6), (13, 12)],['Stop', 'Stop', 'Stop', 'Stop'],[9, 9, 5, 5],1,7,-6
20,16,(11, 10),['West', 'Stop', 'East', 'North', 'South'],North,4,[False, True, True, True, True],[(5, 6), (5, 12), (13, 6), (13, 12)],['Stop', 'Stop', 'Stop', 'Stop'],[10, 8, 6, 4],1,8,-7
20,16,(11, 11),['West', 'Stop', 'East', 'North', 'South'],North,4,[False, True, True, True, True],[(5, 6), (5, 12), (13, 6), (13, 12)],['Stop', 'Stop', 'Stop', 'Stop'],[11, 7, 7, 3],1,9,-8
20,16,(10, 11),['West', 'Stop', 'East', 'North', 'South'],West,4,[False, True, True, True, True],[(5, 6), (5, 12), (13, 6), (13, 12)],['Stop', 'Stop', 'Stop', 'Stop'],[10, 6, 8, 4],1,10,-9
20,16,(9, 11),['West', 'Stop', 'East', 'North', 'South'],West,4,[False, True, True, True, True],[(5, 6), (5, 12), (13, 6), (13, 12)],['Stop', 'Stop', 'Stop', 'Stop'],[9, 5, 9, 5],1,11,-10
20,16,(9, 12),['West', 'Stop', 'East', 'North', 'South'],North,4,[False, True, True, True, True],[(5, 6), (5, 12), (13, 6), (13, 12)],['Stop', 'Stop', 'Stop', 'Stop'],[10, 4, 10, 4],1,12,-11
20,16,(10, 12),['West', 'Stop', 'East', 'North', 'South'],East,4,[False, True, True, True, True],[(5, 6), (5, 12), (13, 6), (13, 12)],['Stop', 'Stop', 'Stop', 'Stop'],[11, 5, 9, 3],1,11,-12
20,16,(10, 11),['West', 'Stop', 'East', 'North', 'South'],South,4,[False, True, True, True, True],[(5, 6), (5, 12), (13, 6), (13, 12)],['Stop', 'Stop', 'Stop', 'Stop'],[10, 6, 8, 4],1,10,-13
20,16,(9, 11),['West', 'Stop', 'East', 'North', 'South'],West,4,[False, True, True, True, True],[(5, 6), (5, 12), (13, 6), (13, 12)],['Stop', 'Stop', 'Stop', 'Stop'],[9, 5, 9, 5],1,11,-14
20,16,(8, 11),['West', 'Stop', 'East', 'North', 'South'],West,4,[False, True, True, True, True],[(5, 6), (5, 12), (13, 6), (13, 12)],['Stop', 'Stop', 'Stop', 'Stop'],[8, 4, 10, 6],1,12,-15
20,16,(7, 11),['West', 'Stop', 'East', 'North', 'South'],West,4,[False, True, True, True, True],[(5, 6), (5, 12), (13, 6), (13, 12)],['Stop', 'Stop', 'Stop', 'Stop'],[7, 3, 11, 7],1,13,-16
20,16,(7, 12),['West', 'Stop', 'East', 'North', 'South'],North,4,[False, True, True, True, True],[(5, 6), (5, 12), (13, 6), (13, 12)],['Stop', 'Stop', 'Stop', 'Stop'],[8, 2, 12, 6],1,14,-17
20,16,(6, 12),['West', 'Stop', 'East', 'North', 'South'],West,4,[False, True, True, True, True],[(5, 6), (5, 12), (13, 6), (13, 12)],['Stop', 'Stop', 'Stop', 'Stop'],[7, 1, 13, 7],1,15,-18
20,16,(7, 12),['West', 'Stop', 'East', 'North', 'South'],East,4,[False, True, True, True, True],[(5, 6), (5, 12), (13, 6), (13, 12)],['Stop', 'Stop', 'Stop', 'Stop'],[8, 2, 12, 6],1,14,-19
20,16,(6, 12),['West', 'Stop', 'East', 'North', 'South'],West,4,[False, True, True, True, True],[(5, 6), (5, 12), (13, 6), (13, 12)],['Stop', 'Stop', 'Stop', 'Stop'],[7, 1, 13, 7],1,15,-20
20,16,(7, 12),['West', 'Stop', 'East', 'North', 'South'],East,4,[False, True, True, True, True],[(5, 6), (5, 12), (13, 6), (13, 12)],['Stop', 'Stop', 'Stop', 'Stop'],[8, 2, 12, 6],1,14,-21
20,16,(7, 13),['West', 'Stop', 'East', 'North', 'South'],North,4,[False, True, True, True, True],[(5, 6), (5, 12), (13, 6), (13, 12)],['Stop', 'Stop', 'Stop', 'Stop'],[9, 3, 13, 7],1,15,-22
20,16,(6, 13),['West', 'Stop', 'East', 'North', 'South'],West,4,[False, True, True, True, True],[(5, 6), (5, 12), (13, 6), (13, 12)],['Stop', 'Stop', 'Stop', 'Stop'],[8, 2, 14, 8],1,16,-23
20,16,(6, 12),['West', 'Stop', 'East', 'North', 'South'],South,4,[False, True, True, True, True],[(5, 6), (5, 12), (13, 6), (13, 12)],['Stop', 'Stop', 'Stop', 'Stop'],[7, 1, 13, 7],1,15,-24
20,16,(6, 11),['West', 'Stop', 'East', 'North', 'South'],South,4,[False, True, True, True, True],[(5, 6), (5, 12), (13, 6), (13, 12)],['Stop', 'Stop', 'Stop', 'Stop'],[6, 2, 12, 8],1,14,-25
20,16,(7, 11),['West', 'Stop', 'East', 'North', 'South'],East,4,[False, True, True, True, True],[(5, 6), (5, 12), (13, 6), (13, 12)],['Stop', 'Stop', 'Stop', 'Stop'],[7, 3, 11, 7],1,13,-26
20,16,(7, 12),['West', 'Stop', 'East', 'North', 'South'],North,4,[False, True, True, True, True],[(5, 6), (5, 12), (13, 6), (13, 12)],['Stop', 'Stop', 'Stop', 'Stop'],[8, 2, 12, 6],1,14,-27
20,16,(8, 12),['West', 'Stop', 'East', 'North', 'South'],East,4,[False, True, True, True, True],[(5, 6), (5, 12), (13, 6), (13, 12)],['Stop', 'Stop', 'Stop', 'Stop'],[9, 3, 11, 5],1,13,-28
20,16,(9, 12),['West', 'Stop', 'East', 'North', 'South'],East,4,[False, True, True, True, True],[(5, 6), (5, 12), (13, 6), (13, 12)],['Stop', 'Stop', 'Stop', 'Stop'],[10, 4, 10, 4],1,12,-29
20,16,(10, 12),['West', 'Stop', 'East', 'North', 'South'],East,4,[False, True, True, True, True],[(5, 6), (5, 12), (13, 6), (13, 12)],['Stop', 'Stop', 'Stop', 'Stop'],[11, 5, 9, 3],1,11,-30
20,16,(11, 12),['West', 'Stop', 'East', 'North', 'South'],East,4,[False, True, True, True, True],[(5, 6), (5, 12), (13, 6), (13, 12)],['Stop', 'Stop', 'Stop', 'Stop'],[12, 6, 8, 2],1,10,-31
20,16,(10, 12),['West', 'Stop', 'East', 'North', 'South'],West,4,[False, True, True, True, True],[(5, 6), (5, 12), (13, 6), (13, 12)],['Stop', 'Stop', 'Stop', 'Stop'],[11, 5, 9, 3],1,11,-32
20,16,(10, 13),['West', 'Stop', 'East', 'North', 'South'],North,4,[False, True, True, True, True],[(5, 6), (5, 12), (13, 6), (13, 12)],['Stop', 'Stop', 'Stop', 'Stop'],[12, 6, 10, 4],1,12,-33
20,16,(10, 14),['West', 'Stop', 'East', 'South'],North,4,[False, True, True, True, True],[(5, 6), (5, 12), (13, 6), (13, 12)],['Stop', 'Stop', 'Stop', 'Stop'],[13, 7, 11, 5],1,13,-34
20,16,(10, 13),['West', 'Stop', 'East', 'North', 'South'],South,4,[False, True, True, True, True],[(5, 6), (5, 12), (13, 6), (13, 12)],['Stop', 'Stop', 'Stop', 'Stop'],[12, 6, 10, 4],1,12,-35
20,16,(9, 13),['West', 'Stop', 'East', 'North', 'South'],West,4,[False, True, True, True, True],[(5, 6), (5, 12), (13, 6), (13, 12)],['Stop', 'Stop', 'Stop', 'Stop'],[11, 5, 11, 5],1,13,-36
20,16,(9, 12),['West', 'Stop', 'East', 'North', 'South'],South,4,[False, True, True, True, True],[(5, 6), (5, 12), (13, 6), (13, 12)],['Stop', 'Stop', 'Stop', 'Stop'],[10, 4, 10, 4],1,12,-37
20,16,(9, 13),['West', 'Stop', 'East', 'North', 'South'],North,4,[False, True, True, True, True],[(5, 6), (5, 12), (13, 6), (13, 12)],['Stop', 'Stop', 'Stop', 'Stop'],[11, 5, 11, 5],1,13,-38
20,16,(10, 13),['West', 'Stop', 'East', 'North', 'South'],East,4,[False, True, True, True, True],[(5, 6), (5, 12), (13, 6), (13, 12)],['Stop', 'Stop', 'Stop', 'Stop'],[12, 6, 10, 4],1,12,-39
20,16,(10, 14),['West', 'Stop', 'East', 'South'],North,4,[False, True, True, True, True],[(5, 6), (5, 12), (13, 6), (13, 12)],['Stop', 'Stop', 'Stop', 'Stop'],[13, 7, 11, 5],1,13,-40
20,16,(10, 14),['West', 'Stop', 'East', 'South'],North,4,[False, True, True, True, True],[(5, 6), (5, 12), (13, 6), (13, 12)],['Stop', 'Stop', 'Stop', 'Stop'],[13, 7, 11, 5],1,13,-41
20,16,(10, 14),['West', 'Stop', 'East', 'South'],North,4,[False, True, True, True, True],[(5, 6), (5, 12), (13, 6), (13, 12)],['Stop', 'Stop', 'Stop', 'Stop'],[13, 7, 11, 5],1,13,-42
20,16,(11, 14),['West', 'Stop', 'East', 'South'],East,4,[False, True, True, True, True],[(5, 6), (5, 12), (13, 6), (13, 12)],['Stop', 'Stop', 'Stop', 'Stop'],[14, 8, 10, 4],1,12,-43
20,16,(11, 13),['West', 'Stop', 'East', 'North', 'South'],South,4,[False, True, True, True, True],[(5, 6), (5, 12), (13, 6), (13, 12)],['Stop', 'Stop', 'Stop', 'Stop'],[13, 7, 9, 3],1,11,-44
20,16,(10, 13),['West', 'Stop', 'East', 'North', 'South'],West,4,[False, True, True, True, True],[(5, 6), (5, 12), (13, 6), (13, 12)],['Stop', 'Stop', 'Stop', 'Stop'],[12, 6, 10, 4],1,12,-45
20,16,(10, 14),['West', 'Stop', 'East', 'South'],North,4,[False, True, True, True, True],[(5, 6), (5, 12), (13, 6), (13, 12)],['Stop', 'Stop', 'Stop', 'Stop'],[13, 7, 11, 5],1,13,-46
20,16,(10, 13),['West', 'Stop', 'East', 'North', 'South'],South,4,[False, True, True, True, True],[(5, 6), (5, 12), (13, 6), (13, 12)],['Stop', 'Stop', 'Stop', 'Stop'],[12, 6, 10, 4],1,12,-47
20,16,(10, 12),['West', 'Stop', 'East', 'North', 'South'],South,4,[False, True, True, True, True],[(5, 6), (5, 12), (13, 6), (13, 12)],['Stop', 'Stop', 'Stop', 'Stop'],[11, 5, 9, 3],1,11,-48
20,16,(10, 11),['West', 'Stop', 'East', 'North', 'South'],South,4,[False, True, True, True, True],[(5, 6), (5, 12), (13, 6), (13, 12)],['Stop', 'Stop', 'Stop', 'Stop'],[10, 6, 8, 4],1,10,-49
20,16,(9, 11),['West', 'Stop', 'East', 'North', 'South'],West,4,[False, True, True, True, True],[(5, 6), (5, 12), (13, 6), (13, 12)],['Stop', 'Stop', 'Stop', 'Stop'],[9, 5, 9, 5],1,11,-50
20,16,(9, 12),['West', 'Stop', 'East', 'North', 'South'],North,4,[False, True, True, True, True],[(5, 6), (5, 12), (13, 6), (13, 12)],['Stop', 'Stop', 'Stop', 'Stop'],[10, 4, 10, 4],1,12,-51
20,16,(9, 11),['West', 'Stop', 'East', 'North', 'South'],South,4,[False, True, True, True, True],[(5, 6), (5, 12), (13, 6), (13, 12)],['Stop', 'Stop', 'Stop', 'Stop'],[9, 5, 9, 5],1,11,-52
